metric_date,candidate_code,source,source_detail,source_label,content_count,comment_count,reaction_count
2026-04-12,JWO,news,news,뉴스,9,36,952
2026-04-12,JWO,video_post,video_post,영상·게시글,40,145,1452
2026-04-12,JWO,comment,comment,댓글,0,73,912
2026-04-12,JWO,community_x,community_x,커뮤니티/X,10,11,590
2026-04-12,OSH,news,news,뉴스,15,57,1503
2026-04-12,OSH,video_post,video_post,영상·게시글,66,240,2408
2026-04-12,OSH,comment,comment,댓글,0,126,1566
2026-04-12,OSH,community_x,community_x,커뮤니티/X,16,18,950
2026-04-12,JWO,news,news,뉴스,7,26,707
2026-04-12,JWO,video_post,video_post,영상·게시글,26,96,969
2026-04-12,JWO,comment,comment,댓글,0,53,663
2026-04-12,JWO,community_x,community_x,커뮤니티/X,7,8,426
2026-04-12,OSH,news,news,뉴스,9,35,936
2026-04-12,OSH,video_post,video_post,영상·게시글,41,150,1508
2026-04-12,OSH,comment,comment,댓글,0,72,893
2026-04-12,OSH,community_x,community_x,커뮤니티/X,9,10,550
2026-04-12,JWO,news,news,뉴스,4,16,440
2026-04-12,JWO,video_post,video_post,영상·게시글,18,67,671
2026-04-12,JWO,comment,comment,댓글,0,34,432
2026-04-12,JWO,community_x,community_x,커뮤니티/X,5,5,307
2026-04-12,OSH,news,news,뉴스,7,28,737
2026-04-12,OSH,video_post,video_post,영상·게시글,38,139,1398
2026-04-12,OSH,comment,comment,댓글,0,62,767
2026-04-12,OSH,community_x,community_x,커뮤니티/X,8,9,500
2026-04-12,JWO,news,news,뉴스,6,23,606
2026-04-12,JWO,video_post,video_post,영상·게시글,24,88,883
2026-04-12,JWO,comment,comment,댓글,0,48,597
2026-04-12,JWO,community_x,community_x,커뮤니티/X,6,6,348
2026-04-12,OSH,news,news,뉴스,7,29,782
2026-04-12,OSH,video_post,video_post,영상·게시글,31,113,1138
2026-04-12,OSH,comment,comment,댓글,0,61,754
2026-04-12,OSH,community_x,community_x,커뮤니티/X,8,8,457
2026-04-12,JWO,news,news,뉴스,4,16,420
2026-04-12,JWO,video_post,video_post,영상·게시글,15,57,572
2026-04-12,JWO,comment,comment,댓글,0,34,425
2026-04-12,JWO,community_x,community_x,커뮤니티/X,4,4,253
2026-04-12,OSH,news,news,뉴스,6,25,676
2026-04-12,OSH,video_post,video_post,영상·게시글,25,92,925
2026-04-12,OSH,comment,comment,댓글,0,51,635
2026-04-12,OSH,community_x,community_x,커뮤니티/X,6,7,388
2026-04-12,JWO,news,news,뉴스,9,36,969
2026-04-12,JWO,video_post,video_post,영상·게시글,36,131,1318
2026-04-12,JWO,comment,comment,댓글,0,81,1009
2026-04-12,JWO,community_x,community_x,커뮤니티/X,9,10,531
2026-04-12,OSH,news,news,뉴스,6,26,688
2026-04-12,OSH,video_post,video_post,영상·게시글,29,106,1068
2026-04-12,OSH,comment,comment,댓글,0,57,713
2026-04-12,OSH,community_x,community_x,커뮤니티/X,7,7,395
2026-04-12,JWO,news,news,뉴스,8,32,856
2026-04-12,JWO,video_post,video_post,영상·게시글,35,128,1290
2026-04-12,JWO,comment,comment,댓글,0,78,973
2026-04-12,JWO,community_x,community_x,커뮤니티/X,9,10,528
2026-04-12,OSH,news,news,뉴스,6,23,612
2026-04-12,OSH,video_post,video_post,영상·게시글,22,82,827
2026-04-12,OSH,comment,comment,댓글,0,46,571
2026-04-12,OSH,community_x,community_x,커뮤니티/X,6,6,366
2026-04-12,JWO,news,news,뉴스,7,27,719
2026-04-12,JWO,video_post,video_post,영상·게시글,32,118,1182
2026-04-12,JWO,comment,comment,댓글,0,66,819
2026-04-12,JWO,community_x,community_x,커뮤니티/X,8,9,480
2026-04-12,OSH,news,news,뉴스,4,17,449
2026-04-12,OSH,video_post,video_post,영상·게시글,18,67,674
2026-04-12,OSH,comment,comment,댓글,0,36,456
2026-04-12,OSH,community_x,community_x,커뮤니티/X,4,5,279
2026-04-13,JWO,news,news,뉴스,10,39,1043
2026-04-13,JWO,video_post,video_post,영상·게시글,41,148,1487
2026-04-13,JWO,comment,comment,댓글,0,75,937
2026-04-13,JWO,community_x,community_x,커뮤니티/X,11,11,624
2026-04-13,OSH,news,news,뉴스,12,45,1207
2026-04-13,OSH,video_post,video_post,영상·게시글,55,200,2000
2026-04-13,OSH,comment,comment,댓글,0,102,1260
2026-04-13,OSH,community_x,community_x,커뮤니티/X,13,14,764
2026-04-13,JWO,news,news,뉴스,6,23,605
2026-04-13,JWO,video_post,video_post,영상·게시글,23,85,856
2026-04-13,JWO,comment,comment,댓글,0,45,567
2026-04-13,JWO,community_x,community_x,커뮤니티/X,6,7,390
2026-04-13,OSH,news,news,뉴스,8,33,886
2026-04-13,OSH,video_post,video_post,영상·게시글,41,150,1509
2026-04-13,OSH,comment,comment,댓글,0,81,1007
2026-04-13,OSH,community_x,community_x,커뮤니티/X,10,11,598
2026-04-13,JWO,news,news,뉴스,4,18,491
2026-04-13,JWO,video_post,video_post,영상·게시글,18,66,670
2026-04-13,JWO,comment,comment,댓글,0,40,503
2026-04-13,JWO,community_x,community_x,커뮤니티/X,5,5,306
2026-04-13,OSH,news,news,뉴스,8,32,855
2026-04-13,OSH,video_post,video_post,영상·게시글,40,144,1448
2026-04-13,OSH,comment,comment,댓글,0,68,840
2026-04-13,OSH,community_x,community_x,커뮤니티/X,9,9,518
2026-04-13,JWO,news,news,뉴스,6,23,622
2026-04-13,JWO,video_post,video_post,영상·게시글,26,95,951
2026-04-13,JWO,comment,comment,댓글,0,50,624
2026-04-13,JWO,community_x,community_x,커뮤니티/X,6,7,375
2026-04-13,OSH,news,news,뉴스,8,33,884
2026-04-13,OSH,video_post,video_post,영상·게시글,32,118,1183
2026-04-13,OSH,comment,comment,댓글,0,70,869
2026-04-13,OSH,community_x,community_x,커뮤니티/X,8,9,504
2026-04-13,JWO,news,news,뉴스,3,15,394
2026-04-13,JWO,video_post,video_post,영상·게시글,17,62,629
2026-04-13,JWO,comment,comment,댓글,0,34,420
2026-04-13,JWO,community_x,community_x,커뮤니티/X,4,4,253
2026-04-13,OSH,news,news,뉴스,6,25,675
2026-04-13,OSH,video_post,video_post,영상·게시글,27,100,1006
2026-04-13,OSH,comment,comment,댓글,0,51,642
2026-04-13,OSH,community_x,community_x,커뮤니티/X,7,8,448
2026-04-13,JWO,news,news,뉴스,10,41,1089
2026-04-13,JWO,video_post,video_post,영상·게시글,42,151,1518
2026-04-13,JWO,comment,comment,댓글,0,90,1118
2026-04-13,JWO,community_x,community_x,커뮤니티/X,11,11,625
2026-04-13,OSH,news,news,뉴스,7,27,721
2026-04-13,OSH,video_post,video_post,영상·게시글,28,101,1018
2026-04-13,OSH,comment,comment,댓글,0,54,669
2026-04-13,OSH,community_x,community_x,커뮤니티/X,7,8,423
2026-04-13,JWO,news,news,뉴스,9,36,971
2026-04-13,JWO,video_post,video_post,영상·게시글,35,126,1270
2026-04-13,JWO,comment,comment,댓글,0,75,928
2026-04-13,JWO,community_x,community_x,커뮤니티/X,9,10,556
2026-04-13,OSH,news,news,뉴스,6,23,628
2026-04-13,OSH,video_post,video_post,영상·게시글,24,87,878
2026-04-13,OSH,comment,comment,댓글,0,52,644
2026-04-13,OSH,community_x,community_x,커뮤니티/X,7,7,396
2026-04-13,JWO,news,news,뉴스,7,27,728
2026-04-13,JWO,video_post,video_post,영상·게시글,27,98,986
2026-04-13,JWO,comment,comment,댓글,0,59,731
2026-04-13,JWO,community_x,community_x,커뮤니티/X,7,8,438
2026-04-13,OSH,news,news,뉴스,4,17,463
2026-04-13,OSH,video_post,video_post,영상·게시글,20,73,733
2026-04-13,OSH,comment,comment,댓글,0,36,449
2026-04-13,OSH,community_x,community_x,커뮤니티/X,4,4,251
2026-04-14,JWO,news,news,뉴스,11,43,1132
2026-04-14,JWO,video_post,video_post,영상·게시글,42,154,1543
2026-04-14,JWO,comment,comment,댓글,0,88,1096
2026-04-14,JWO,community_x,community_x,커뮤니티/X,12,13,702
2026-04-14,OSH,news,news,뉴스,15,57,1507
2026-04-14,OSH,video_post,video_post,영상·게시글,68,245,2456
2026-04-14,OSH,comment,comment,댓글,0,107,1331
2026-04-14,OSH,community_x,community_x,커뮤니티/X,15,16,844
2026-04-14,JWO,news,news,뉴스,7,28,745
2026-04-14,JWO,video_post,video_post,영상·게시글,29,107,1073
2026-04-14,JWO,comment,comment,댓글,0,58,719
2026-04-14,JWO,community_x,community_x,커뮤니티/X,7,8,434
2026-04-14,OSH,news,news,뉴스,11,45,1184
2026-04-14,OSH,video_post,video_post,영상·게시글,56,205,2051
2026-04-14,OSH,comment,comment,댓글,0,92,1148
2026-04-14,OSH,community_x,community_x,커뮤니티/X,12,13,693
2026-04-14,JWO,news,news,뉴스,5,20,542
2026-04-14,JWO,video_post,video_post,영상·게시글,20,75,753
2026-04-14,JWO,comment,comment,댓글,0,43,536
2026-04-14,JWO,community_x,community_x,커뮤니티/X,5,6,330
2026-04-14,OSH,news,news,뉴스,8,32,845
2026-04-14,OSH,video_post,video_post,영상·게시글,37,136,1364
2026-04-14,OSH,comment,comment,댓글,0,68,840
2026-04-14,OSH,community_x,community_x,커뮤니티/X,8,9,490
2026-04-14,JWO,news,news,뉴스,6,24,630
2026-04-14,JWO,video_post,video_post,영상·게시글,25,93,933
2026-04-14,JWO,comment,comment,댓글,0,44,555
2026-04-14,JWO,community_x,community_x,커뮤니티/X,6,6,341
2026-04-14,OSH,news,news,뉴스,9,35,934
2026-04-14,OSH,video_post,video_post,영상·게시글,37,133,1340
2026-04-14,OSH,comment,comment,댓글,0,77,953
2026-04-14,OSH,community_x,community_x,커뮤니티/X,10,11,607
2026-04-14,JWO,news,news,뉴스,4,18,479
2026-04-14,JWO,video_post,video_post,영상·게시글,17,62,627
2026-04-14,JWO,comment,comment,댓글,0,36,448
2026-04-14,JWO,community_x,community_x,커뮤니티/X,5,6,317
2026-04-14,OSH,news,news,뉴스,6,26,686
2026-04-14,OSH,video_post,video_post,영상·게시글,28,104,1041
2026-04-14,OSH,comment,comment,댓글,0,59,736
2026-04-14,OSH,community_x,community_x,커뮤니티/X,7,8,424
2026-04-14,JWO,news,news,뉴스,10,41,1084
2026-04-14,JWO,video_post,video_post,영상·게시글,39,141,1417
2026-04-14,JWO,comment,comment,댓글,0,94,1173
2026-04-14,JWO,community_x,community_x,커뮤니티/X,10,11,589
2026-04-14,OSH,news,news,뉴스,8,30,810
2026-04-14,OSH,video_post,video_post,영상·게시글,28,102,1029
2026-04-14,OSH,comment,comment,댓글,0,63,789
2026-04-14,OSH,community_x,community_x,커뮤니티/X,8,9,504
2026-04-14,JWO,news,news,뉴스,10,38,1018
2026-04-14,JWO,video_post,video_post,영상·게시글,40,145,1455
2026-04-14,JWO,comment,comment,댓글,0,89,1108
2026-04-14,JWO,community_x,community_x,커뮤니티/X,10,10,564
2026-04-14,OSH,news,news,뉴스,7,26,705
2026-04-14,OSH,video_post,video_post,영상·게시글,29,106,1061
2026-04-14,OSH,comment,comment,댓글,0,55,690
2026-04-14,OSH,community_x,community_x,커뮤니티/X,7,7,407
2026-04-14,JWO,news,news,뉴스,7,30,795
2026-04-14,JWO,video_post,video_post,영상·게시글,30,110,1107
2026-04-14,JWO,comment,comment,댓글,0,61,756
2026-04-14,JWO,community_x,community_x,커뮤니티/X,8,9,497
2026-04-14,OSH,news,news,뉴스,4,17,454
2026-04-14,OSH,video_post,video_post,영상·게시글,18,66,670
2026-04-14,OSH,comment,comment,댓글,0,35,435
2026-04-14,OSH,community_x,community_x,커뮤니티/X,5,6,316
2026-04-15,JWO,news,news,뉴스,11,45,1199
2026-04-15,JWO,video_post,video_post,영상·게시글,52,187,1876
2026-04-15,JWO,comment,comment,댓글,0,94,1166
2026-04-15,JWO,community_x,community_x,커뮤니티/X,12,13,726
2026-04-15,OSH,news,news,뉴스,15,60,1581
2026-04-15,OSH,video_post,video_post,영상·게시글,63,227,2274
2026-04-15,OSH,comment,comment,댓글,0,112,1386
2026-04-15,OSH,community_x,community_x,커뮤니티/X,16,17,913
2026-04-15,JWO,news,news,뉴스,7,27,712
2026-04-15,JWO,video_post,video_post,영상·게시글,28,103,1035
2026-04-15,JWO,comment,comment,댓글,0,53,657
2026-04-15,JWO,community_x,community_x,커뮤니티/X,7,7,409
2026-04-15,OSH,news,news,뉴스,11,44,1171
2026-04-15,OSH,video_post,video_post,영상·게시글,48,173,1735
2026-04-15,OSH,comment,comment,댓글,0,90,1116
2026-04-15,OSH,community_x,community_x,커뮤니티/X,12,12,675
2026-04-15,JWO,news,news,뉴스,5,21,565
2026-04-15,JWO,video_post,video_post,영상·게시글,19,69,694
2026-04-15,JWO,comment,comment,댓글,0,42,525
2026-04-15,JWO,community_x,community_x,커뮤니티/X,5,5,285
2026-04-15,OSH,news,news,뉴스,9,36,964
2026-04-15,OSH,video_post,video_post,영상·게시글,41,150,1510
2026-04-15,OSH,comment,comment,댓글,0,74,924
2026-04-15,OSH,community_x,community_x,커뮤니티/X,9,10,534
2026-04-15,JWO,news,news,뉴스,6,26,697
2026-04-15,JWO,video_post,video_post,영상·게시글,29,107,1076
2026-04-15,JWO,comment,comment,댓글,0,55,680
2026-04-15,JWO,community_x,community_x,커뮤니티/X,7,7,407
2026-04-15,OSH,news,news,뉴스,9,36,967
2026-04-15,OSH,video_post,video_post,영상·게시글,40,145,1456
2026-04-15,OSH,comment,comment,댓글,0,78,973
2026-04-15,OSH,community_x,community_x,커뮤니티/X,10,11,592
2026-04-15,JWO,news,news,뉴스,4,18,494
2026-04-15,JWO,video_post,video_post,영상·게시글,17,64,646
2026-04-15,JWO,comment,comment,댓글,0,32,396
2026-04-15,JWO,community_x,community_x,커뮤니티/X,4,5,279
2026-04-15,OSH,news,news,뉴스,7,27,718
2026-04-15,OSH,video_post,video_post,영상·게시글,26,96,965
2026-04-15,OSH,comment,comment,댓글,0,52,653
2026-04-15,OSH,community_x,community_x,커뮤니티/X,6,7,393
2026-04-15,JWO,news,news,뉴스,11,44,1172
2026-04-15,JWO,video_post,video_post,영상·게시글,47,172,1726
2026-04-15,JWO,comment,comment,댓글,0,99,1231
2026-04-15,JWO,community_x,community_x,커뮤니티/X,12,13,709
2026-04-15,OSH,news,news,뉴스,7,29,779
2026-04-15,OSH,video_post,video_post,영상·게시글,28,104,1043
2026-04-15,OSH,comment,comment,댓글,0,55,687
2026-04-15,OSH,community_x,community_x,커뮤니티/X,8,9,485
2026-04-15,JWO,news,news,뉴스,11,45,1182
2026-04-15,JWO,video_post,video_post,영상·게시글,43,155,1554
2026-04-15,JWO,comment,comment,댓글,0,109,1354
2026-04-15,JWO,community_x,community_x,커뮤니티/X,13,14,767
2026-04-15,OSH,news,news,뉴스,6,26,695
2026-04-15,OSH,video_post,video_post,영상·게시글,26,96,960
2026-04-15,OSH,comment,comment,댓글,0,50,626
2026-04-15,OSH,community_x,community_x,커뮤니티/X,7,7,403
2026-04-15,JWO,news,news,뉴스,7,29,770
2026-04-15,JWO,video_post,video_post,영상·게시글,30,110,1100
2026-04-15,JWO,comment,comment,댓글,0,62,769
2026-04-15,JWO,community_x,community_x,커뮤니티/X,8,9,485
2026-04-15,OSH,news,news,뉴스,4,18,489
2026-04-15,OSH,video_post,video_post,영상·게시글,19,70,707
2026-04-15,OSH,comment,comment,댓글,0,35,439
2026-04-15,OSH,community_x,community_x,커뮤니티/X,4,5,276
2026-04-16,JWO,news,news,뉴스,11,43,1143
2026-04-16,JWO,video_post,video_post,영상·게시글,39,142,1423
2026-04-16,JWO,comment,comment,댓글,0,83,1037
2026-04-16,JWO,community_x,community_x,커뮤니티/X,10,11,582
2026-04-16,OSH,news,news,뉴스,16,62,1648
2026-04-16,OSH,video_post,video_post,영상·게시글,60,218,2190
2026-04-16,OSH,comment,comment,댓글,0,127,1578
2026-04-16,OSH,community_x,community_x,커뮤니티/X,17,18,971
2026-04-16,JWO,news,news,뉴스,7,27,721
2026-04-16,JWO,video_post,video_post,영상·게시글,28,102,1021
2026-04-16,JWO,comment,comment,댓글,0,50,628
2026-04-16,JWO,community_x,community_x,커뮤니티/X,7,7,407
2026-04-16,OSH,news,news,뉴스,11,42,1114
2026-04-16,OSH,video_post,video_post,영상·게시글,49,179,1797
2026-04-16,OSH,comment,comment,댓글,0,93,1149
2026-04-16,OSH,community_x,community_x,커뮤니티/X,11,12,643
2026-04-16,JWO,news,news,뉴스,5,19,520
2026-04-16,JWO,video_post,video_post,영상·게시글,18,65,653
2026-04-16,JWO,comment,comment,댓글,0,34,430
2026-04-16,JWO,community_x,community_x,커뮤니티/X,4,4,258
2026-04-16,OSH,news,news,뉴스,9,34,906
2026-04-16,OSH,video_post,video_post,영상·게시글,40,145,1455
2026-04-16,OSH,comment,comment,댓글,0,70,870
2026-04-16,OSH,community_x,community_x,커뮤니티/X,9,10,550
2026-04-16,JWO,news,news,뉴스,7,26,700
2026-04-16,JWO,video_post,video_post,영상·게시글,27,100,1000
2026-04-16,JWO,comment,comment,댓글,0,51,640
2026-04-16,JWO,community_x,community_x,커뮤니티/X,7,7,419
2026-04-16,OSH,news,news,뉴스,8,32,858
2026-04-16,OSH,video_post,video_post,영상·게시글,34,125,1254
2026-04-16,OSH,comment,comment,댓글,0,62,774
2026-04-16,OSH,community_x,community_x,커뮤니티/X,9,10,555
2026-04-16,JWO,news,news,뉴스,4,17,464
2026-04-16,JWO,video_post,video_post,영상·게시글,19,71,719
2026-04-16,JWO,comment,comment,댓글,0,37,463
2026-04-16,JWO,community_x,community_x,커뮤니티/X,5,5,284
2026-04-16,OSH,news,news,뉴스,6,26,697
2026-04-16,OSH,video_post,video_post,영상·게시글,28,103,1037
2026-04-16,OSH,comment,comment,댓글,0,57,715
2026-04-16,OSH,community_x,community_x,커뮤니티/X,7,7,403
2026-04-16,JWO,news,news,뉴스,11,42,1126
2026-04-16,JWO,video_post,video_post,영상·게시글,43,158,1582
2026-04-16,JWO,comment,comment,댓글,0,91,1126
2026-04-16,JWO,community_x,community_x,커뮤니티/X,11,11,626
2026-04-16,OSH,news,news,뉴스,8,32,849
2026-04-16,OSH,video_post,video_post,영상·게시글,31,113,1135
2026-04-16,OSH,comment,comment,댓글,0,62,774
2026-04-16,OSH,community_x,community_x,커뮤니티/X,8,9,491
2026-04-16,JWO,news,news,뉴스,10,39,1026
2026-04-16,JWO,video_post,video_post,영상·게시글,42,153,1530
2026-04-16,JWO,comment,comment,댓글,0,91,1125
2026-04-16,JWO,community_x,community_x,커뮤니티/X,11,11,621
2026-04-16,OSH,news,news,뉴스,6,26,697
2026-04-16,OSH,video_post,video_post,영상·게시글,29,106,1065
2026-04-16,OSH,comment,comment,댓글,0,57,706
2026-04-16,OSH,community_x,community_x,커뮤니티/X,7,8,430
2026-04-16,JWO,news,news,뉴스,8,33,877
2026-04-16,JWO,video_post,video_post,영상·게시글,32,116,1161
2026-04-16,JWO,comment,comment,댓글,0,73,907
2026-04-16,JWO,community_x,community_x,커뮤니티/X,8,8,458
2026-04-16,OSH,news,news,뉴스,4,18,494
2026-04-16,OSH,video_post,video_post,영상·게시글,19,71,717
2026-04-16,OSH,comment,comment,댓글,0,39,494
2026-04-16,OSH,community_x,community_x,커뮤니티/X,5,5,308
2026-04-17,JWO,news,news,뉴스,11,42,1119
2026-04-17,JWO,video_post,video_post,영상·게시글,42,153,1537
2026-04-17,JWO,comment,comment,댓글,0,84,1042
2026-04-17,JWO,community_x,community_x,커뮤니티/X,11,11,627
2026-04-17,OSH,news,news,뉴스,15,57,1517
2026-04-17,OSH,video_post,video_post,영상·게시글,65,234,2345
2026-04-17,OSH,comment,comment,댓글,0,122,1518
2026-04-17,OSH,community_x,community_x,커뮤니티/X,15,16,878
2026-04-17,JWO,news,news,뉴스,8,33,886
2026-04-17,JWO,video_post,video_post,영상·게시글,33,121,1219
2026-04-17,JWO,comment,comment,댓글,0,64,792
2026-04-17,JWO,community_x,community_x,커뮤니티/X,8,9,485
2026-04-17,OSH,news,news,뉴스,11,43,1135
2026-04-17,OSH,video_post,video_post,영상·게시글,51,185,1851
2026-04-17,OSH,comment,comment,댓글,0,86,1066
2026-04-17,OSH,community_x,community_x,커뮤니티/X,12,12,682
2026-04-17,JWO,news,news,뉴스,5,19,514
2026-04-17,JWO,video_post,video_post,영상·게시글,22,79,795
2026-04-17,JWO,comment,comment,댓글,0,40,500
2026-04-17,JWO,community_x,community_x,커뮤니티/X,5,6,336
2026-04-17,OSH,news,news,뉴스,9,34,905
2026-04-17,OSH,video_post,video_post,영상·게시글,42,152,1523
2026-04-17,OSH,comment,comment,댓글,0,73,914
2026-04-17,OSH,community_x,community_x,커뮤니티/X,9,10,536
2026-04-17,JWO,news,news,뉴스,7,29,778
2026-04-17,JWO,video_post,video_post,영상·게시글,30,108,1087
2026-04-17,JWO,comment,comment,댓글,0,52,651
2026-04-17,JWO,community_x,community_x,커뮤니티/X,7,8,448
2026-04-17,OSH,news,news,뉴스,8,33,874
2026-04-17,OSH,video_post,video_post,영상·게시글,36,131,1317
2026-04-17,OSH,comment,comment,댓글,0,68,847
2026-04-17,OSH,community_x,community_x,커뮤니티/X,9,10,533
2026-04-17,JWO,news,news,뉴스,4,15,402
2026-04-17,JWO,video_post,video_post,영상·게시글,17,63,636
2026-04-17,JWO,comment,comment,댓글,0,34,426
2026-04-17,JWO,community_x,community_x,커뮤니티/X,4,5,268
2026-04-17,OSH,news,news,뉴스,5,22,593
2026-04-17,OSH,video_post,video_post,영상·게시글,27,98,986
2026-04-17,OSH,comment,comment,댓글,0,47,590
2026-04-17,OSH,community_x,community_x,커뮤니티/X,6,6,367
2026-04-17,JWO,news,news,뉴스,11,43,1130
2026-04-17,JWO,video_post,video_post,영상·게시글,51,184,1841
2026-04-17,JWO,comment,comment,댓글,0,108,1343
2026-04-17,JWO,community_x,community_x,커뮤니티/X,13,14,764
2026-04-17,OSH,news,news,뉴스,8,31,820
2026-04-17,OSH,video_post,video_post,영상·게시글,32,116,1165
2026-04-17,OSH,comment,comment,댓글,0,64,791
2026-04-17,OSH,community_x,community_x,커뮤니티/X,8,8,459
2026-04-17,JWO,news,news,뉴스,11,44,1157
2026-04-17,JWO,video_post,video_post,영상·게시글,45,162,1623
2026-04-17,JWO,comment,comment,댓글,0,98,1213
2026-04-17,JWO,community_x,community_x,커뮤니티/X,10,11,608
2026-04-17,OSH,news,news,뉴스,7,28,739
2026-04-17,OSH,video_post,video_post,영상·게시글,29,105,1057
2026-04-17,OSH,comment,comment,댓글,0,55,690
2026-04-17,OSH,community_x,community_x,커뮤니티/X,7,8,446
2026-04-17,JWO,news,news,뉴스,8,30,801
2026-04-17,JWO,video_post,video_post,영상·게시글,30,108,1089
2026-04-17,JWO,comment,comment,댓글,0,65,815
2026-04-17,JWO,community_x,community_x,커뮤니티/X,8,8,465
2026-04-17,OSH,news,news,뉴스,5,19,510
2026-04-17,OSH,video_post,video_post,영상·게시글,18,65,653
2026-04-17,OSH,comment,comment,댓글,0,39,482
2026-04-17,OSH,community_x,community_x,커뮤니티/X,4,5,278
2026-04-18,JWO,news,news,뉴스,11,43,1139
2026-04-18,JWO,video_post,video_post,영상·게시글,44,159,1594
2026-04-18,JWO,comment,comment,댓글,0,90,1122
2026-04-18,JWO,community_x,community_x,커뮤니티/X,12,13,723
2026-04-18,OSH,news,news,뉴스,14,54,1441
2026-04-18,OSH,video_post,video_post,영상·게시글,69,251,2512
2026-04-18,OSH,comment,comment,댓글,0,118,1460
2026-04-18,OSH,community_x,community_x,커뮤니티/X,17,18,991
2026-04-18,JWO,news,news,뉴스,8,31,836
2026-04-18,JWO,video_post,video_post,영상·게시글,29,107,1079
2026-04-18,JWO,comment,comment,댓글,0,56,704
2026-04-18,JWO,community_x,community_x,커뮤니티/X,7,8,437
2026-04-18,OSH,news,news,뉴스,11,42,1114
2026-04-18,OSH,video_post,video_post,영상·게시글,50,180,1805
2026-04-18,OSH,comment,comment,댓글,0,83,1037
2026-04-18,OSH,community_x,community_x,커뮤니티/X,12,12,680
2026-04-18,JWO,news,news,뉴스,5,20,539
2026-04-18,JWO,video_post,video_post,영상·게시글,23,84,847
2026-04-18,JWO,comment,comment,댓글,0,41,515
2026-04-18,JWO,community_x,community_x,커뮤니티/X,5,5,304
2026-04-18,OSH,news,news,뉴스,8,33,868
2026-04-18,OSH,video_post,video_post,영상·게시글,39,141,1416
2026-04-18,OSH,comment,comment,댓글,0,64,799
2026-04-18,OSH,community_x,community_x,커뮤니티/X,9,10,551
2026-04-18,JWO,news,news,뉴스,6,23,612
2026-04-18,JWO,video_post,video_post,영상·게시글,24,89,895
2026-04-18,JWO,comment,comment,댓글,0,48,599
2026-04-18,JWO,community_x,community_x,커뮤니티/X,6,7,376
2026-04-18,OSH,news,news,뉴스,9,34,908
2026-04-18,OSH,video_post,video_post,영상·게시글,37,135,1355
2026-04-18,OSH,comment,comment,댓글,0,67,833
2026-04-18,OSH,community_x,community_x,커뮤니티/X,9,9,515
2026-04-18,JWO,news,news,뉴스,4,16,444
2026-04-18,JWO,video_post,video_post,영상·게시글,19,69,690
2026-04-18,JWO,comment,comment,댓글,0,38,476
2026-04-18,JWO,community_x,community_x,커뮤니티/X,5,5,287
2026-04-18,OSH,news,news,뉴스,7,29,769
2026-04-18,OSH,video_post,video_post,영상·게시글,31,112,1130
2026-04-18,OSH,comment,comment,댓글,0,64,793
2026-04-18,OSH,community_x,community_x,커뮤니티/X,8,9,475
2026-04-18,JWO,news,news,뉴스,10,39,1032
2026-04-18,JWO,video_post,video_post,영상·게시글,38,137,1370
2026-04-18,JWO,comment,comment,댓글,0,95,1185
2026-04-18,JWO,community_x,community_x,커뮤니티/X,10,11,613
2026-04-18,OSH,news,news,뉴스,8,31,819
2026-04-18,OSH,video_post,video_post,영상·게시글,35,127,1274
2026-04-18,OSH,comment,comment,댓글,0,73,903
2026-04-18,OSH,community_x,community_x,커뮤니티/X,9,9,522
2026-04-18,JWO,news,news,뉴스,11,44,1165
2026-04-18,JWO,video_post,video_post,영상·게시글,43,156,1565
2026-04-18,JWO,comment,comment,댓글,0,95,1174
2026-04-18,JWO,community_x,community_x,커뮤니티/X,11,12,664
2026-04-18,OSH,news,news,뉴스,7,27,728
2026-04-18,OSH,video_post,video_post,영상·게시글,29,106,1070
2026-04-18,OSH,comment,comment,댓글,0,60,743
2026-04-18,OSH,community_x,community_x,커뮤니티/X,8,8,451
2026-04-18,JWO,news,news,뉴스,7,30,794
2026-04-18,JWO,video_post,video_post,영상·게시글,30,108,1085
2026-04-18,JWO,comment,comment,댓글,0,66,825
2026-04-18,JWO,community_x,community_x,커뮤니티/X,7,7,417
2026-04-18,OSH,news,news,뉴스,5,20,551
2026-04-18,OSH,video_post,video_post,영상·게시글,20,72,728
2026-04-18,OSH,comment,comment,댓글,0,44,544
2026-04-18,OSH,community_x,community_x,커뮤니티/X,5,5,312
2026-04-19,JWO,news,news,뉴스,10,38,1009
2026-04-19,JWO,video_post,video_post,영상·게시글,43,155,1559
2026-04-19,JWO,comment,comment,댓글,0,77,952
2026-04-19,JWO,community_x,community_x,커뮤니티/X,10,11,614
2026-04-19,OSH,news,news,뉴스,14,54,1423
2026-04-19,OSH,video_post,video_post,영상·게시글,55,201,2014
2026-04-19,OSH,comment,comment,댓글,0,96,1186
2026-04-19,OSH,community_x,community_x,커뮤니티/X,13,14,773
2026-04-19,JWO,news,news,뉴스,7,27,716
2026-04-19,JWO,video_post,video_post,영상·게시글,29,106,1066
2026-04-19,JWO,comment,comment,댓글,0,55,691
2026-04-19,JWO,community_x,community_x,커뮤니티/X,7,8,446
2026-04-19,OSH,news,news,뉴스,10,40,1062
2026-04-19,OSH,video_post,video_post,영상·게시글,46,165,1656
2026-04-19,OSH,comment,comment,댓글,0,83,1031
2026-04-19,OSH,community_x,community_x,커뮤니티/X,11,12,654
2026-04-19,JWO,news,news,뉴스,4,17,465
2026-04-19,JWO,video_post,video_post,영상·게시글,19,71,716
2026-04-19,JWO,comment,comment,댓글,0,40,495
2026-04-19,JWO,community_x,community_x,커뮤니티/X,5,5,295
2026-04-19,OSH,news,news,뉴스,8,32,856
2026-04-19,OSH,video_post,video_post,영상·게시글,36,131,1319
2026-04-19,OSH,comment,comment,댓글,0,72,899
2026-04-19,OSH,community_x,community_x,커뮤니티/X,9,10,534
2026-04-19,JWO,news,news,뉴스,6,23,624
2026-04-19,JWO,video_post,video_post,영상·게시글,27,97,972
2026-04-19,JWO,comment,comment,댓글,0,49,613
2026-04-19,JWO,community_x,community_x,커뮤니티/X,6,6,354
2026-04-19,OSH,news,news,뉴스,8,31,823
2026-04-19,OSH,video_post,video_post,영상·게시글,38,137,1374
2026-04-19,OSH,comment,comment,댓글,0,71,879
2026-04-19,OSH,community_x,community_x,커뮤니티/X,9,10,546
2026-04-19,JWO,news,news,뉴스,4,17,459
2026-04-19,JWO,video_post,video_post,영상·게시글,17,63,637
2026-04-19,JWO,comment,comment,댓글,0,34,432
2026-04-19,JWO,community_x,community_x,커뮤니티/X,4,5,280
2026-04-19,OSH,news,news,뉴스,7,28,746
2026-04-19,OSH,video_post,video_post,영상·게시글,28,104,1043
2026-04-19,OSH,comment,comment,댓글,0,53,667
2026-04-19,OSH,community_x,community_x,커뮤니티/X,7,8,430
2026-04-19,JWO,news,news,뉴스,10,41,1090
2026-04-19,JWO,video_post,video_post,영상·게시글,42,153,1538
2026-04-19,JWO,comment,comment,댓글,0,93,1152
2026-04-19,JWO,community_x,community_x,커뮤니티/X,12,13,713
2026-04-19,OSH,news,news,뉴스,7,27,731
2026-04-19,OSH,video_post,video_post,영상·게시글,32,115,1152
2026-04-19,OSH,comment,comment,댓글,0,63,781
2026-04-19,OSH,community_x,community_x,커뮤니티/X,8,8,456
2026-04-19,JWO,news,news,뉴스,9,36,968
2026-04-19,JWO,video_post,video_post,영상·게시글,40,147,1474
2026-04-19,JWO,comment,comment,댓글,0,81,1009
2026-04-19,JWO,community_x,community_x,커뮤니티/X,10,11,597
2026-04-19,OSH,news,news,뉴스,6,25,660
2026-04-19,OSH,video_post,video_post,영상·게시글,30,108,1086
2026-04-19,OSH,comment,comment,댓글,0,57,705
2026-04-19,OSH,community_x,community_x,커뮤니티/X,7,8,424
2026-04-19,JWO,news,news,뉴스,8,34,896
2026-04-19,JWO,video_post,video_post,영상·게시글,32,115,1158
2026-04-19,JWO,comment,comment,댓글,0,65,810
2026-04-19,JWO,community_x,community_x,커뮤니티/X,9,9,518
2026-04-19,OSH,news,news,뉴스,4,17,465
2026-04-19,OSH,video_post,video_post,영상·게시글,20,72,722
2026-04-19,OSH,comment,comment,댓글,0,37,459
2026-04-19,OSH,community_x,community_x,커뮤니티/X,5,5,288
2026-04-20,JWO,news,news,뉴스,10,38,1003
2026-04-20,JWO,video_post,video_post,영상·게시글,39,141,1416
2026-04-20,JWO,comment,comment,댓글,0,78,969
2026-04-20,JWO,community_x,community_x,커뮤니티/X,9,10,536
2026-04-20,OSH,news,news,뉴스,15,59,1551
2026-04-20,OSH,video_post,video_post,영상·게시글,70,254,2549
2026-04-20,OSH,comment,comment,댓글,0,125,1552
2026-04-20,OSH,community_x,community_x,커뮤니티/X,17,18,960
2026-04-20,JWO,news,news,뉴스,6,23,623
2026-04-20,JWO,video_post,video_post,영상·게시글,26,95,955
2026-04-20,JWO,comment,comment,댓글,0,48,602
2026-04-20,JWO,community_x,community_x,커뮤니티/X,6,6,362
2026-04-20,OSH,news,news,뉴스,11,43,1149
2026-04-20,OSH,video_post,video_post,영상·게시글,49,179,1797
2026-04-20,OSH,comment,comment,댓글,0,82,1023
2026-04-20,OSH,community_x,community_x,커뮤니티/X,11,12,640
2026-04-20,JWO,news,news,뉴스,4,17,464
2026-04-20,JWO,video_post,video_post,영상·게시글,17,63,631
2026-04-20,JWO,comment,comment,댓글,0,34,421
2026-04-20,JWO,community_x,community_x,커뮤니티/X,4,5,269
2026-04-20,OSH,news,news,뉴스,8,32,860
2026-04-20,OSH,video_post,video_post,영상·게시글,37,136,1367
2026-04-20,OSH,comment,comment,댓글,0,66,820
2026-04-20,OSH,community_x,community_x,커뮤니티/X,9,9,511
2026-04-20,JWO,news,news,뉴스,6,24,655
2026-04-20,JWO,video_post,video_post,영상·게시글,23,85,858
2026-04-20,JWO,comment,comment,댓글,0,50,629
2026-04-20,JWO,community_x,community_x,커뮤니티/X,6,6,353
2026-04-20,OSH,news,news,뉴스,8,32,851
2026-04-20,OSH,video_post,video_post,영상·게시글,33,120,1206
2026-04-20,OSH,comment,comment,댓글,0,64,797
2026-04-20,OSH,community_x,community_x,커뮤니티/X,8,9,477
2026-04-20,JWO,news,news,뉴스,4,15,414
2026-04-20,JWO,video_post,video_post,영상·게시글,17,61,615
2026-04-20,JWO,comment,comment,댓글,0,31,388
2026-04-20,JWO,community_x,community_x,커뮤니티/X,4,4,250
2026-04-20,OSH,news,news,뉴스,6,23,607
2026-04-20,OSH,video_post,video_post,영상·게시글,24,88,888
2026-04-20,OSH,comment,comment,댓글,0,46,580
2026-04-20,OSH,community_x,community_x,커뮤니티/X,6,6,357
2026-04-20,JWO,news,news,뉴스,9,36,968
2026-04-20,JWO,video_post,video_post,영상·게시글,37,133,1334
2026-04-20,JWO,comment,comment,댓글,0,80,1000
2026-04-20,JWO,community_x,community_x,커뮤니티/X,9,10,559
2026-04-20,OSH,news,news,뉴스,7,28,760
2026-04-20,OSH,video_post,video_post,영상·게시글,29,107,1078
2026-04-20,OSH,comment,comment,댓글,0,60,751
2026-04-20,OSH,community_x,community_x,커뮤니티/X,8,9,484
2026-04-20,JWO,news,news,뉴스,10,38,1019
2026-04-20,JWO,video_post,video_post,영상·게시글,37,136,1364
2026-04-20,JWO,comment,comment,댓글,0,73,902
2026-04-20,JWO,community_x,community_x,커뮤니티/X,9,10,557
2026-04-20,OSH,news,news,뉴스,7,26,707
2026-04-20,OSH,video_post,video_post,영상·게시글,27,99,998
2026-04-20,OSH,comment,comment,댓글,0,50,618
2026-04-20,OSH,community_x,community_x,커뮤니티/X,7,7,407
2026-04-20,JWO,news,news,뉴스,8,32,866
2026-04-20,JWO,video_post,video_post,영상·게시글,32,117,1173
2026-04-20,JWO,comment,comment,댓글,0,62,776
2026-04-20,JWO,community_x,community_x,커뮤니티/X,8,8,459
2026-04-20,OSH,news,news,뉴스,4,17,460
2026-04-20,OSH,video_post,video_post,영상·게시글,18,65,657
2026-04-20,OSH,comment,comment,댓글,0,34,426
2026-04-20,OSH,community_x,community_x,커뮤니티/X,4,5,280
2026-04-21,JWO,news,news,뉴스,11,42,1111
2026-04-21,JWO,video_post,video_post,영상·게시글,41,150,1501
2026-04-21,JWO,comment,comment,댓글,0,86,1074
2026-04-21,JWO,community_x,community_x,커뮤니티/X,10,11,617
2026-04-21,OSH,news,news,뉴스,15,58,1546
2026-04-21,OSH,video_post,video_post,영상·게시글,66,240,2406
2026-04-21,OSH,comment,comment,댓글,0,122,1512
2026-04-21,OSH,community_x,community_x,커뮤니티/X,17,18,962
2026-04-21,JWO,news,news,뉴스,7,26,708
2026-04-21,JWO,video_post,video_post,영상·게시글,28,103,1038
2026-04-21,JWO,comment,comment,댓글,0,54,678
2026-04-21,JWO,community_x,community_x,커뮤니티/X,7,8,425
2026-04-21,OSH,news,news,뉴스,10,41,1086
2026-04-21,OSH,video_post,video_post,영상·게시글,44,159,1597
2026-04-21,OSH,comment,comment,댓글,0,79,988
2026-04-21,OSH,community_x,community_x,커뮤니티/X,10,11,618
2026-04-21,JWO,news,news,뉴스,5,19,500
2026-04-21,JWO,video_post,video_post,영상·게시글,18,65,659
2026-04-21,JWO,comment,comment,댓글,0,37,460
2026-04-21,JWO,community_x,community_x,커뮤니티/X,5,5,288
2026-04-21,OSH,news,news,뉴스,8,30,803
2026-04-21,OSH,video_post,video_post,영상·게시글,39,141,1416
2026-04-21,OSH,comment,comment,댓글,0,71,879
2026-04-21,OSH,community_x,community_x,커뮤니티/X,8,9,503
2026-04-21,JWO,news,news,뉴스,6,23,608
2026-04-21,JWO,video_post,video_post,영상·게시글,24,89,893
2026-04-21,JWO,comment,comment,댓글,0,47,583
2026-04-21,JWO,community_x,community_x,커뮤니티/X,6,6,351
2026-04-21,OSH,news,news,뉴스,8,30,811
2026-04-21,OSH,video_post,video_post,영상·게시글,31,113,1134
2026-04-21,OSH,comment,comment,댓글,0,64,801
2026-04-21,OSH,community_x,community_x,커뮤니티/X,8,8,461
2026-04-21,JWO,news,news,뉴스,3,14,378
2026-04-21,JWO,video_post,video_post,영상·게시글,15,54,544
2026-04-21,JWO,comment,comment,댓글,0,28,346
2026-04-21,JWO,community_x,community_x,커뮤니티/X,4,4,248
2026-04-21,OSH,news,news,뉴스,7,26,700
2026-04-21,OSH,video_post,video_post,영상·게시글,27,97,980
2026-04-21,OSH,comment,comment,댓글,0,52,654
2026-04-21,OSH,community_x,community_x,커뮤니티/X,7,7,419
2026-04-21,JWO,news,news,뉴스,9,36,949
2026-04-21,JWO,video_post,video_post,영상·게시글,37,133,1338
2026-04-21,JWO,comment,comment,댓글,0,80,989
2026-04-21,JWO,community_x,community_x,커뮤니티/X,10,11,592
2026-04-21,OSH,news,news,뉴스,7,29,773
2026-04-21,OSH,video_post,video_post,영상·게시글,28,103,1033
2026-04-21,OSH,comment,comment,댓글,0,57,711
2026-04-21,OSH,community_x,community_x,커뮤니티/X,7,8,447
2026-04-21,JWO,news,news,뉴스,10,38,1021
2026-04-21,JWO,video_post,video_post,영상·게시글,38,140,1403
2026-04-21,JWO,comment,comment,댓글,0,86,1066
2026-04-21,JWO,community_x,community_x,커뮤니티/X,9,10,542
2026-04-21,OSH,news,news,뉴스,6,23,615
2026-04-21,OSH,video_post,video_post,영상·게시글,24,88,883
2026-04-21,OSH,comment,comment,댓글,0,48,603
2026-04-21,OSH,community_x,community_x,커뮤니티/X,7,7,400
2026-04-21,JWO,news,news,뉴스,7,28,736
2026-04-21,JWO,video_post,video_post,영상·게시글,28,101,1014
2026-04-21,JWO,comment,comment,댓글,0,62,771
2026-04-21,JWO,community_x,community_x,커뮤니티/X,7,8,444
2026-04-21,OSH,news,news,뉴스,4,16,422
2026-04-21,OSH,video_post,video_post,영상·게시글,18,65,657
2026-04-21,OSH,comment,comment,댓글,0,33,408
2026-04-21,OSH,community_x,community_x,커뮤니티/X,4,4,251
2026-04-22,JWO,news,news,뉴스,10,40,1054
2026-04-22,JWO,video_post,video_post,영상·게시글,42,152,1521
2026-04-22,JWO,comment,comment,댓글,0,87,1075
2026-04-22,JWO,community_x,community_x,커뮤니티/X,11,12,654
2026-04-22,OSH,news,news,뉴스,14,55,1465
2026-04-22,OSH,video_post,video_post,영상·게시글,63,227,2276
2026-04-22,OSH,comment,comment,댓글,0,99,1231
2026-04-22,OSH,community_x,community_x,커뮤니티/X,14,15,814
2026-04-22,JWO,news,news,뉴스,7,27,725
2026-04-22,JWO,video_post,video_post,영상·게시글,26,96,965
2026-04-22,JWO,comment,comment,댓글,0,54,676
2026-04-22,JWO,community_x,community_x,커뮤니티/X,7,8,440
2026-04-22,OSH,news,news,뉴스,10,38,1008
2026-04-22,OSH,video_post,video_post,영상·게시글,43,155,1554
2026-04-22,OSH,comment,comment,댓글,0,74,920
2026-04-22,OSH,community_x,community_x,커뮤니티/X,10,10,564
2026-04-22,JWO,news,news,뉴스,4,17,470
2026-04-22,JWO,video_post,video_post,영상·게시글,20,72,723
2026-04-22,JWO,comment,comment,댓글,0,33,414
2026-04-22,JWO,community_x,community_x,커뮤니티/X,4,5,277
2026-04-22,OSH,news,news,뉴스,8,32,851
2026-04-22,OSH,video_post,video_post,영상·게시글,36,132,1325
2026-04-22,OSH,comment,comment,댓글,0,61,765
2026-04-22,OSH,community_x,community_x,커뮤니티/X,8,9,503
2026-04-22,JWO,news,news,뉴스,5,21,575
2026-04-22,JWO,video_post,video_post,영상·게시글,21,75,757
2026-04-22,JWO,comment,comment,댓글,0,42,528
2026-04-22,JWO,community_x,community_x,커뮤니티/X,6,6,347
2026-04-22,OSH,news,news,뉴스,7,27,717
2026-04-22,OSH,video_post,video_post,영상·게시글,28,103,1038
2026-04-22,OSH,comment,comment,댓글,0,55,690
2026-04-22,OSH,community_x,community_x,커뮤니티/X,7,8,435
2026-04-22,JWO,news,news,뉴스,4,16,429
2026-04-22,JWO,video_post,video_post,영상·게시글,16,59,595
2026-04-22,JWO,comment,comment,댓글,0,30,376
2026-04-22,JWO,community_x,community_x,커뮤니티/X,4,4,260
2026-04-22,OSH,news,news,뉴스,6,25,677
2026-04-22,OSH,video_post,video_post,영상·게시글,28,101,1019
2026-04-22,OSH,comment,comment,댓글,0,54,669
2026-04-22,OSH,community_x,community_x,커뮤니티/X,6,7,392
2026-04-22,JWO,news,news,뉴스,11,42,1106
2026-04-22,JWO,video_post,video_post,영상·게시글,41,148,1488
2026-04-22,JWO,comment,comment,댓글,0,73,909
2026-04-22,JWO,community_x,community_x,커뮤니티/X,11,11,628
2026-04-22,OSH,news,news,뉴스,6,25,663
2026-04-22,OSH,video_post,video_post,영상·게시글,27,99,996
2026-04-22,OSH,comment,comment,댓글,0,53,666
2026-04-22,OSH,community_x,community_x,커뮤니티/X,7,7,414
2026-04-22,JWO,news,news,뉴스,8,33,877
2026-04-22,JWO,video_post,video_post,영상·게시글,34,125,1252
2026-04-22,JWO,comment,comment,댓글,0,69,856
2026-04-22,JWO,community_x,community_x,커뮤니티/X,8,9,485
2026-04-22,OSH,news,news,뉴스,6,25,660
2026-04-22,OSH,video_post,video_post,영상·게시글,26,95,955
2026-04-22,OSH,comment,comment,댓글,0,49,611
2026-04-22,OSH,community_x,community_x,커뮤니티/X,6,6,351
2026-04-22,JWO,news,news,뉴스,6,23,623
2026-04-22,JWO,video_post,video_post,영상·게시글,25,93,932
2026-04-22,JWO,comment,comment,댓글,0,58,728
2026-04-22,JWO,community_x,community_x,커뮤니티/X,7,8,437
2026-04-22,OSH,news,news,뉴스,3,14,382
2026-04-22,OSH,video_post,video_post,영상·게시글,16,57,576
2026-04-22,OSH,comment,comment,댓글,0,30,376
2026-04-22,OSH,community_x,community_x,커뮤니티/X,4,4,236
2026-04-23,JWO,news,news,뉴스,9,36,951
2026-04-23,JWO,video_post,video_post,영상·게시글,33,120,1202
2026-04-23,JWO,comment,comment,댓글,0,65,812
2026-04-23,JWO,community_x,community_x,커뮤니티/X,8,9,494
2026-04-23,OSH,news,news,뉴스,14,55,1461
2026-04-23,OSH,video_post,video_post,영상·게시글,59,212,2127
2026-04-23,OSH,comment,comment,댓글,0,112,1393
2026-04-23,OSH,community_x,community_x,커뮤니티/X,14,15,818
2026-04-23,JWO,news,news,뉴스,6,25,660
2026-04-23,JWO,video_post,video_post,영상·게시글,25,91,917
2026-04-23,JWO,comment,comment,댓글,0,51,637
2026-04-23,JWO,community_x,community_x,커뮤니티/X,6,7,386
2026-04-23,OSH,news,news,뉴스,10,40,1066
2026-04-23,OSH,video_post,video_post,영상·게시글,49,178,1784
2026-04-23,OSH,comment,comment,댓글,0,82,1022
2026-04-23,OSH,community_x,community_x,커뮤니티/X,11,12,654
2026-04-23,JWO,news,news,뉴스,4,17,454
2026-04-23,JWO,video_post,video_post,영상·게시글,18,68,681
2026-04-23,JWO,comment,comment,댓글,0,33,419
2026-04-23,JWO,community_x,community_x,커뮤니티/X,5,5,285
2026-04-23,OSH,news,news,뉴스,7,29,781
2026-04-23,OSH,video_post,video_post,영상·게시글,30,110,1102
2026-04-23,OSH,comment,comment,댓글,0,60,742
2026-04-23,OSH,community_x,community_x,커뮤니티/X,7,7,408
2026-04-23,JWO,news,news,뉴스,6,25,658
2026-04-23,JWO,video_post,video_post,영상·게시글,27,98,982
2026-04-23,JWO,comment,comment,댓글,0,54,679
2026-04-23,JWO,community_x,community_x,커뮤니티/X,7,8,426
2026-04-23,OSH,news,news,뉴스,8,31,833
2026-04-23,OSH,video_post,video_post,영상·게시글,34,125,1252
2026-04-23,OSH,comment,comment,댓글,0,59,736
2026-04-23,OSH,community_x,community_x,커뮤니티/X,9,10,526
2026-04-23,JWO,news,news,뉴스,4,15,414
2026-04-23,JWO,video_post,video_post,영상·게시글,17,63,632
2026-04-23,JWO,comment,comment,댓글,0,32,399
2026-04-23,JWO,community_x,community_x,커뮤니티/X,4,4,249
2026-04-23,OSH,news,news,뉴스,6,23,610
2026-04-23,OSH,video_post,video_post,영상·게시글,25,91,916
2026-04-23,OSH,comment,comment,댓글,0,48,594
2026-04-23,OSH,community_x,community_x,커뮤니티/X,6,7,370
2026-04-23,JWO,news,news,뉴스,9,35,923
2026-04-23,JWO,video_post,video_post,영상·게시글,35,126,1263
2026-04-23,JWO,comment,comment,댓글,0,76,949
2026-04-23,JWO,community_x,community_x,커뮤니티/X,9,10,562
2026-04-23,OSH,news,news,뉴스,6,26,698
2026-04-23,OSH,video_post,video_post,영상·게시글,26,93,938
2026-04-23,OSH,comment,comment,댓글,0,49,608
2026-04-23,OSH,community_x,community_x,커뮤니티/X,7,7,406
2026-04-23,JWO,news,news,뉴스,9,35,944
2026-04-23,JWO,video_post,video_post,영상·게시글,41,149,1496
2026-04-23,JWO,comment,comment,댓글,0,93,1152
2026-04-23,JWO,community_x,community_x,커뮤니티/X,9,10,537
2026-04-23,OSH,news,news,뉴스,6,24,644
2026-04-23,OSH,video_post,video_post,영상·게시글,26,93,937
2026-04-23,OSH,comment,comment,댓글,0,52,652
2026-04-23,OSH,community_x,community_x,커뮤니티/X,6,7,385
2026-04-23,JWO,news,news,뉴스,6,26,687
2026-04-23,JWO,video_post,video_post,영상·게시글,24,88,886
2026-04-23,JWO,comment,comment,댓글,0,66,816
2026-04-23,JWO,community_x,community_x,커뮤니티/X,7,8,427
2026-04-23,OSH,news,news,뉴스,4,16,442
2026-04-23,OSH,video_post,video_post,영상·게시글,18,66,664
2026-04-23,OSH,comment,comment,댓글,0,34,425
2026-04-23,OSH,community_x,community_x,커뮤니티/X,4,5,265
2026-04-24,JWO,news,news,뉴스,10,41,1095
2026-04-24,JWO,video_post,video_post,영상·게시글,42,154,1546
2026-04-24,JWO,comment,comment,댓글,0,88,1091
2026-04-24,JWO,community_x,community_x,커뮤니티/X,11,12,670
2026-04-24,OSH,news,news,뉴스,17,65,1721
2026-04-24,OSH,video_post,video_post,영상·게시글,60,216,2166
2026-04-24,OSH,comment,comment,댓글,0,116,1434
2026-04-24,OSH,community_x,community_x,커뮤니티/X,17,18,976
2026-04-24,JWO,news,news,뉴스,6,24,631
2026-04-24,JWO,video_post,video_post,영상·게시글,22,79,792
2026-04-24,JWO,comment,comment,댓글,0,46,571
2026-04-24,JWO,community_x,community_x,커뮤니티/X,6,6,362
2026-04-24,OSH,news,news,뉴스,9,36,951
2026-04-24,OSH,video_post,video_post,영상·게시글,43,154,1549
2026-04-24,OSH,comment,comment,댓글,0,76,946
2026-04-24,OSH,community_x,community_x,커뮤니티/X,10,11,608
2026-04-24,JWO,news,news,뉴스,4,17,466
2026-04-24,JWO,video_post,video_post,영상·게시글,18,66,661
2026-04-24,JWO,comment,comment,댓글,0,39,488
2026-04-24,JWO,community_x,community_x,커뮤니티/X,5,5,298
2026-04-24,OSH,news,news,뉴스,6,26,695
2026-04-24,OSH,video_post,video_post,영상·게시글,30,110,1102
2026-04-24,OSH,comment,comment,댓글,0,55,688
2026-04-24,OSH,community_x,community_x,커뮤니티/X,7,8,426
2026-04-24,JWO,news,news,뉴스,5,22,589
2026-04-24,JWO,video_post,video_post,영상·게시글,24,88,882
2026-04-24,JWO,comment,comment,댓글,0,42,529
2026-04-24,JWO,community_x,community_x,커뮤니티/X,6,6,341
2026-04-24,OSH,news,news,뉴스,8,33,876
2026-04-24,OSH,video_post,video_post,영상·게시글,34,123,1236
2026-04-24,OSH,comment,comment,댓글,0,69,856
2026-04-24,OSH,community_x,community_x,커뮤니티/X,8,9,500
2026-04-24,JWO,news,news,뉴스,3,14,376
2026-04-24,JWO,video_post,video_post,영상·게시글,15,53,540
2026-04-24,JWO,comment,comment,댓글,0,29,370
2026-04-24,JWO,community_x,community_x,커뮤니티/X,4,4,243
2026-04-24,OSH,news,news,뉴스,6,24,646
2026-04-24,OSH,video_post,video_post,영상·게시글,27,98,988
2026-04-24,OSH,comment,comment,댓글,0,51,635
2026-04-24,OSH,community_x,community_x,커뮤니티/X,6,7,387
2026-04-24,JWO,news,news,뉴스,9,34,917
2026-04-24,JWO,video_post,video_post,영상·게시글,38,138,1385
2026-04-24,JWO,comment,comment,댓글,0,81,1003
2026-04-24,JWO,community_x,community_x,커뮤니티/X,9,10,527
2026-04-24,OSH,news,news,뉴스,6,26,688
2026-04-24,OSH,video_post,video_post,영상·게시글,27,99,999
2026-04-24,OSH,comment,comment,댓글,0,55,689
2026-04-24,OSH,community_x,community_x,커뮤니티/X,7,8,437
2026-04-24,JWO,news,news,뉴스,9,35,939
2026-04-24,JWO,video_post,video_post,영상·게시글,36,131,1316
2026-04-24,JWO,comment,comment,댓글,0,70,874
2026-04-24,JWO,community_x,community_x,커뮤니티/X,9,10,532
2026-04-24,OSH,news,news,뉴스,6,24,652
2026-04-24,OSH,video_post,video_post,영상·게시글,26,96,964
2026-04-24,OSH,comment,comment,댓글,0,47,584
2026-04-24,OSH,community_x,community_x,커뮤니티/X,6,7,373
2026-04-24,JWO,news,news,뉴스,7,27,716
2026-04-24,JWO,video_post,video_post,영상·게시글,26,95,957
2026-04-24,JWO,comment,comment,댓글,0,64,798
2026-04-24,JWO,community_x,community_x,커뮤니티/X,6,7,378
2026-04-24,OSH,news,news,뉴스,4,17,465
2026-04-24,OSH,video_post,video_post,영상·게시글,18,67,674
2026-04-24,OSH,comment,comment,댓글,0,35,434
2026-04-24,OSH,community_x,community_x,커뮤니티/X,4,5,275
2026-04-25,JWO,news,news,뉴스,10,39,1043
2026-04-25,JWO,video_post,video_post,영상·게시글,39,143,1430
2026-04-25,JWO,comment,comment,댓글,0,78,971
2026-04-25,JWO,community_x,community_x,커뮤니티/X,11,12,631
2026-04-25,OSH,news,news,뉴스,12,48,1280
2026-04-25,OSH,video_post,video_post,영상·게시글,65,235,2358
2026-04-25,OSH,comment,comment,댓글,0,117,1450
2026-04-25,OSH,community_x,community_x,커뮤니티/X,15,16,879
2026-04-25,JWO,news,news,뉴스,6,25,672
2026-04-25,JWO,video_post,video_post,영상·게시글,26,95,957
2026-04-25,JWO,comment,comment,댓글,0,49,608
2026-04-25,JWO,community_x,community_x,커뮤니티/X,7,7,419
2026-04-25,OSH,news,news,뉴스,12,45,1207
2026-04-25,OSH,video_post,video_post,영상·게시글,50,181,1814
2026-04-25,OSH,comment,comment,댓글,0,93,1149
2026-04-25,OSH,community_x,community_x,커뮤니티/X,11,12,654
2026-04-25,JWO,news,news,뉴스,4,16,438
2026-04-25,JWO,video_post,video_post,영상·게시글,19,69,698
2026-04-25,JWO,comment,comment,댓글,0,37,459
2026-04-25,JWO,community_x,community_x,커뮤니티/X,4,5,271
2026-04-25,OSH,news,news,뉴스,8,32,840
2026-04-25,OSH,video_post,video_post,영상·게시글,36,130,1304
2026-04-25,OSH,comment,comment,댓글,0,65,811
2026-04-25,OSH,community_x,community_x,커뮤니티/X,9,10,534
2026-04-25,JWO,news,news,뉴스,6,24,648
2026-04-25,JWO,video_post,video_post,영상·게시글,26,96,970
2026-04-25,JWO,comment,comment,댓글,0,44,549
2026-04-25,JWO,community_x,community_x,커뮤니티/X,7,7,410
2026-04-25,OSH,news,news,뉴스,7,27,715
2026-04-25,OSH,video_post,video_post,영상·게시글,33,118,1189
2026-04-25,OSH,comment,comment,댓글,0,62,776
2026-04-25,OSH,community_x,community_x,커뮤니티/X,7,8,445
2026-04-25,JWO,news,news,뉴스,4,17,468
2026-04-25,JWO,video_post,video_post,영상·게시글,18,67,676
2026-04-25,JWO,comment,comment,댓글,0,39,488
2026-04-25,JWO,community_x,community_x,커뮤니티/X,5,5,292
2026-04-25,OSH,news,news,뉴스,6,26,693
2026-04-25,OSH,video_post,video_post,영상·게시글,28,104,1040
2026-04-25,OSH,comment,comment,댓글,0,57,711
2026-04-25,OSH,community_x,community_x,커뮤니티/X,6,7,384
2026-04-25,JWO,news,news,뉴스,8,32,865
2026-04-25,JWO,video_post,video_post,영상·게시글,35,126,1268
2026-04-25,JWO,comment,comment,댓글,0,73,914
2026-04-25,JWO,community_x,community_x,커뮤니티/X,10,11,600
2026-04-25,OSH,news,news,뉴스,7,27,716
2026-04-25,OSH,video_post,video_post,영상·게시글,29,104,1049
2026-04-25,OSH,comment,comment,댓글,0,57,713
2026-04-25,OSH,community_x,community_x,커뮤니티/X,7,7,414
2026-04-25,JWO,news,news,뉴스,8,33,885
2026-04-25,JWO,video_post,video_post,영상·게시글,35,126,1262
2026-04-25,JWO,comment,comment,댓글,0,87,1079
2026-04-25,JWO,community_x,community_x,커뮤니티/X,9,10,559
2026-04-25,OSH,news,news,뉴스,6,23,624
2026-04-25,OSH,video_post,video_post,영상·게시글,26,94,942
2026-04-25,OSH,comment,comment,댓글,0,54,669
2026-04-25,OSH,community_x,community_x,커뮤니티/X,6,7,390
2026-04-25,JWO,news,news,뉴스,7,29,776
2026-04-25,JWO,video_post,video_post,영상·게시글,31,112,1129
2026-04-25,JWO,comment,comment,댓글,0,64,793
2026-04-25,JWO,community_x,community_x,커뮤니티/X,8,8,470
2026-04-25,OSH,news,news,뉴스,4,15,401
2026-04-25,OSH,video_post,video_post,영상·게시글,17,61,617
2026-04-25,OSH,comment,comment,댓글,0,33,412
2026-04-25,OSH,community_x,community_x,커뮤니티/X,4,5,268
2026-04-26,JWO,news,news,뉴스,9,37,977
2026-04-26,JWO,video_post,video_post,영상·게시글,38,137,1370
2026-04-26,JWO,comment,comment,댓글,0,78,975
2026-04-26,JWO,community_x,community_x,커뮤니티/X,11,12,654
2026-04-26,OSH,news,news,뉴스,14,53,1403
2026-04-26,OSH,video_post,video_post,영상·게시글,62,223,2238
2026-04-26,OSH,comment,comment,댓글,0,107,1330
2026-04-26,OSH,community_x,community_x,커뮤니티/X,15,16,890
2026-04-26,JWO,news,news,뉴스,7,27,713
2026-04-26,JWO,video_post,video_post,영상·게시글,28,102,1022
2026-04-26,JWO,comment,comment,댓글,0,52,648
2026-04-26,JWO,community_x,community_x,커뮤니티/X,8,8,450
2026-04-26,OSH,news,news,뉴스,11,43,1138
2026-04-26,OSH,video_post,video_post,영상·게시글,46,165,1658
2026-04-26,OSH,comment,comment,댓글,0,79,986
2026-04-26,OSH,community_x,community_x,커뮤니티/X,10,11,589
2026-04-26,JWO,news,news,뉴스,4,18,478
2026-04-26,JWO,video_post,video_post,영상·게시글,19,71,710
2026-04-26,JWO,comment,comment,댓글,0,39,485
2026-04-26,JWO,community_x,community_x,커뮤니티/X,5,5,283
2026-04-26,OSH,news,news,뉴스,8,32,847
2026-04-26,OSH,video_post,video_post,영상·게시글,41,147,1476
2026-04-26,OSH,comment,comment,댓글,0,67,833
2026-04-26,OSH,community_x,community_x,커뮤니티/X,9,10,543
2026-04-26,JWO,news,news,뉴스,5,22,591
2026-04-26,JWO,video_post,video_post,영상·게시글,23,83,831
2026-04-26,JWO,comment,comment,댓글,0,44,553
2026-04-26,JWO,community_x,community_x,커뮤니티/X,6,6,355
2026-04-26,OSH,news,news,뉴스,9,35,940
2026-04-26,OSH,video_post,video_post,영상·게시글,36,132,1327
2026-04-26,OSH,comment,comment,댓글,0,73,913
2026-04-26,OSH,community_x,community_x,커뮤니티/X,9,10,548
2026-04-26,JWO,news,news,뉴스,4,15,416
2026-04-26,JWO,video_post,video_post,영상·게시글,17,61,613
2026-04-26,JWO,comment,comment,댓글,0,36,447
2026-04-26,JWO,community_x,community_x,커뮤니티/X,4,4,255
2026-04-26,OSH,news,news,뉴스,7,28,759
2026-04-26,OSH,video_post,video_post,영상·게시글,28,102,1021
2026-04-26,OSH,comment,comment,댓글,0,55,684
2026-04-26,OSH,community_x,community_x,커뮤니티/X,7,7,414
2026-04-26,JWO,news,news,뉴스,11,44,1165
2026-04-26,JWO,video_post,video_post,영상·게시글,45,162,1623
2026-04-26,JWO,comment,comment,댓글,0,98,1220
2026-04-26,JWO,community_x,community_x,커뮤니티/X,12,13,726
2026-04-26,OSH,news,news,뉴스,8,31,818
2026-04-26,OSH,video_post,video_post,영상·게시글,30,110,1100
2026-04-26,OSH,comment,comment,댓글,0,59,737
2026-04-26,OSH,community_x,community_x,커뮤니티/X,8,8,459
2026-04-26,JWO,news,news,뉴스,9,35,939
2026-04-26,JWO,video_post,video_post,영상·게시글,35,126,1270
2026-04-26,JWO,comment,comment,댓글,0,76,946
2026-04-26,JWO,community_x,community_x,커뮤니티/X,9,10,549
2026-04-26,OSH,news,news,뉴스,6,24,635
2026-04-26,OSH,video_post,video_post,영상·게시글,30,110,1101
2026-04-26,OSH,comment,comment,댓글,0,52,647
2026-04-26,OSH,community_x,community_x,커뮤니티/X,7,7,407
2026-04-26,JWO,news,news,뉴스,7,27,728
2026-04-26,JWO,video_post,video_post,영상·게시글,30,108,1088
2026-04-26,JWO,comment,comment,댓글,0,63,790
2026-04-26,JWO,community_x,community_x,커뮤니티/X,7,8,430
2026-04-26,OSH,news,news,뉴스,4,16,421
2026-04-26,OSH,video_post,video_post,영상·게시글,17,64,645
2026-04-26,OSH,comment,comment,댓글,0,32,399
2026-04-26,OSH,community_x,community_x,커뮤니티/X,4,5,271
2026-04-27,JWO,news,news,뉴스,10,41,1087
2026-04-27,JWO,video_post,video_post,영상·게시글,41,150,1509
2026-04-27,JWO,comment,comment,댓글,0,87,1080
2026-04-27,JWO,community_x,community_x,커뮤니티/X,11,12,644
2026-04-27,OSH,news,news,뉴스,16,64,1684
2026-04-27,OSH,video_post,video_post,영상·게시글,73,263,2636
2026-04-27,OSH,comment,comment,댓글,0,130,1609
2026-04-27,OSH,community_x,community_x,커뮤니티/X,17,19,1011
2026-04-27,JWO,news,news,뉴스,7,28,747
2026-04-27,JWO,video_post,video_post,영상·게시글,29,107,1074
2026-04-27,JWO,comment,comment,댓글,0,57,708
2026-04-27,JWO,community_x,community_x,커뮤니티/X,8,8,461
2026-04-27,OSH,news,news,뉴스,13,52,1366
2026-04-27,OSH,video_post,video_post,영상·게시글,54,196,1967
2026-04-27,OSH,comment,comment,댓글,0,92,1143
2026-04-27,OSH,community_x,community_x,커뮤니티/X,12,13,702
2026-04-27,JWO,news,news,뉴스,5,19,502
2026-04-27,JWO,video_post,video_post,영상·게시글,19,71,718
2026-04-27,JWO,comment,comment,댓글,0,37,460
2026-04-27,JWO,community_x,community_x,커뮤니티/X,5,6,316
2026-04-27,OSH,news,news,뉴스,9,34,918
2026-04-27,OSH,video_post,video_post,영상·게시글,40,144,1448
2026-04-27,OSH,comment,comment,댓글,0,66,826
2026-04-27,OSH,community_x,community_x,커뮤니티/X,10,10,575
2026-04-27,JWO,news,news,뉴스,6,25,664
2026-04-27,JWO,video_post,video_post,영상·게시글,24,89,891
2026-04-27,JWO,comment,comment,댓글,0,48,593
2026-04-27,JWO,community_x,community_x,커뮤니티/X,7,7,400
2026-04-27,OSH,news,news,뉴스,9,37,978
2026-04-27,OSH,video_post,video_post,영상·게시글,33,119,1197
2026-04-27,OSH,comment,comment,댓글,0,80,998
2026-04-27,OSH,community_x,community_x,커뮤니티/X,10,10,565
2026-04-27,JWO,news,news,뉴스,5,20,537
2026-04-27,JWO,video_post,video_post,영상·게시글,20,75,753
2026-04-27,JWO,comment,comment,댓글,0,36,453
2026-04-27,JWO,community_x,community_x,커뮤니티/X,5,5,307
2026-04-27,OSH,news,news,뉴스,7,28,737
2026-04-27,OSH,video_post,video_post,영상·게시글,30,108,1085
2026-04-27,OSH,comment,comment,댓글,0,52,643
2026-04-27,OSH,community_x,community_x,커뮤니티/X,7,8,432
2026-04-27,JWO,news,news,뉴스,11,43,1143
2026-04-27,JWO,video_post,video_post,영상·게시글,43,157,1574
2026-04-27,JWO,comment,comment,댓글,0,98,1217
2026-04-27,JWO,community_x,community_x,커뮤니티/X,11,12,651
2026-04-27,OSH,news,news,뉴스,8,31,828
2026-04-27,OSH,video_post,video_post,영상·게시글,29,105,1057
2026-04-27,OSH,comment,comment,댓글,0,61,757
2026-04-27,OSH,community_x,community_x,커뮤니티/X,7,8,449
2026-04-27,JWO,news,news,뉴스,10,40,1070
2026-04-27,JWO,video_post,video_post,영상·게시글,40,145,1452
2026-04-27,JWO,comment,comment,댓글,0,92,1138
2026-04-27,JWO,community_x,community_x,커뮤니티/X,10,11,592
2026-04-27,OSH,news,news,뉴스,6,26,693
2026-04-27,OSH,video_post,video_post,영상·게시글,28,102,1029
2026-04-27,OSH,comment,comment,댓글,0,55,683
2026-04-27,OSH,community_x,community_x,커뮤니티/X,7,7,404
2026-04-27,JWO,news,news,뉴스,6,25,682
2026-04-27,JWO,video_post,video_post,영상·게시글,28,101,1014
2026-04-27,JWO,comment,comment,댓글,0,63,788
2026-04-27,JWO,community_x,community_x,커뮤니티/X,7,8,427
2026-04-27,OSH,news,news,뉴스,4,16,424
2026-04-27,OSH,video_post,video_post,영상·게시글,16,60,609
2026-04-27,OSH,comment,comment,댓글,0,34,430
2026-04-27,OSH,community_x,community_x,커뮤니티/X,4,4,260
2026-04-28,JWO,news,news,뉴스,12,46,1225
2026-04-28,JWO,video_post,video_post,영상·게시글,46,166,1668
2026-04-28,JWO,comment,comment,댓글,0,90,1117
2026-04-28,JWO,community_x,community_x,커뮤니티/X,12,13,728
2026-04-28,OSH,news,news,뉴스,14,55,1466
2026-04-28,OSH,video_post,video_post,영상·게시글,68,247,2478
2026-04-28,OSH,comment,comment,댓글,0,130,1616
2026-04-28,OSH,community_x,community_x,커뮤니티/X,17,18,969
2026-04-28,JWO,news,news,뉴스,7,27,719
2026-04-28,JWO,video_post,video_post,영상·게시글,30,110,1100
2026-04-28,JWO,comment,comment,댓글,0,66,816
2026-04-28,JWO,community_x,community_x,커뮤니티/X,7,8,448
2026-04-28,OSH,news,news,뉴스,12,47,1255
2026-04-28,OSH,video_post,video_post,영상·게시글,56,203,2039
2026-04-28,OSH,comment,comment,댓글,0,95,1182
2026-04-28,OSH,community_x,community_x,커뮤니티/X,14,15,793
2026-04-28,JWO,news,news,뉴스,5,20,537
2026-04-28,JWO,video_post,video_post,영상·게시글,19,70,700
2026-04-28,JWO,comment,comment,댓글,0,40,503
2026-04-28,JWO,community_x,community_x,커뮤니티/X,6,6,343
2026-04-28,OSH,news,news,뉴스,9,37,975
2026-04-28,OSH,video_post,video_post,영상·게시글,41,149,1496
2026-04-28,OSH,comment,comment,댓글,0,74,918
2026-04-28,OSH,community_x,community_x,커뮤니티/X,10,10,573
2026-04-28,JWO,news,news,뉴스,8,30,806
2026-04-28,JWO,video_post,video_post,영상·게시글,33,119,1196
2026-04-28,JWO,comment,comment,댓글,0,66,819
2026-04-28,JWO,community_x,community_x,커뮤니티/X,8,9,477
2026-04-28,OSH,news,news,뉴스,9,35,933
2026-04-28,OSH,video_post,video_post,영상·게시글,38,139,1397
2026-04-28,OSH,comment,comment,댓글,0,70,876
2026-04-28,OSH,community_x,community_x,커뮤니티/X,10,11,595
2026-04-28,JWO,news,news,뉴스,4,18,493
2026-04-28,JWO,video_post,video_post,영상·게시글,19,70,701
2026-04-28,JWO,comment,comment,댓글,0,38,470
2026-04-28,JWO,community_x,community_x,커뮤니티/X,5,5,290
2026-04-28,OSH,news,news,뉴스,6,25,679
2026-04-28,OSH,video_post,video_post,영상·게시글,25,92,926
2026-04-28,OSH,comment,comment,댓글,0,48,594
2026-04-28,OSH,community_x,community_x,커뮤니티/X,7,7,403
2026-04-28,JWO,news,news,뉴스,10,40,1069
2026-04-28,JWO,video_post,video_post,영상·게시글,44,160,1604
2026-04-28,JWO,comment,comment,댓글,0,94,1162
2026-04-28,JWO,community_x,community_x,커뮤니티/X,11,12,660
2026-04-28,OSH,news,news,뉴스,9,35,919
2026-04-28,OSH,video_post,video_post,영상·게시글,37,135,1359
2026-04-28,OSH,comment,comment,댓글,0,66,819
2026-04-28,OSH,community_x,community_x,커뮤니티/X,8,9,497
2026-04-28,JWO,news,news,뉴스,11,44,1172
2026-04-28,JWO,video_post,video_post,영상·게시글,47,170,1703
2026-04-28,JWO,comment,comment,댓글,0,97,1207
2026-04-28,JWO,community_x,community_x,커뮤니티/X,12,13,721
2026-04-28,OSH,news,news,뉴스,7,28,753
2026-04-28,OSH,video_post,video_post,영상·게시글,28,101,1019
2026-04-28,OSH,comment,comment,댓글,0,57,714
2026-04-28,OSH,community_x,community_x,커뮤니티/X,7,8,444
2026-04-28,JWO,news,news,뉴스,8,30,806
2026-04-28,JWO,video_post,video_post,영상·게시글,30,110,1103
2026-04-28,JWO,comment,comment,댓글,0,66,825
2026-04-28,JWO,community_x,community_x,커뮤니티/X,8,9,498
2026-04-28,OSH,news,news,뉴스,5,20,541
2026-04-28,OSH,video_post,video_post,영상·게시글,20,75,752
2026-04-28,OSH,comment,comment,댓글,0,43,543
2026-04-28,OSH,community_x,community_x,커뮤니티/X,5,5,300
2026-04-29,JWO,news,news,뉴스,10,39,1045
2026-04-29,JWO,video_post,video_post,영상·게시글,42,151,1515
2026-04-29,JWO,comment,comment,댓글,0,82,1015
2026-04-29,JWO,community_x,community_x,커뮤니티/X,10,11,604
2026-04-29,OSH,news,news,뉴스,16,61,1610
2026-04-29,OSH,video_post,video_post,영상·게시글,68,246,2469
2026-04-29,OSH,comment,comment,댓글,0,129,1602
2026-04-29,OSH,community_x,community_x,커뮤니티/X,18,19,1044
2026-04-29,JWO,news,news,뉴스,7,27,728
2026-04-29,JWO,video_post,video_post,영상·게시글,27,99,993
2026-04-29,JWO,comment,comment,댓글,0,58,727
2026-04-29,JWO,community_x,community_x,커뮤니티/X,7,8,438
2026-04-29,OSH,news,news,뉴스,12,47,1244
2026-04-29,OSH,video_post,video_post,영상·게시글,58,211,2120
2026-04-29,OSH,comment,comment,댓글,0,101,1251
2026-04-29,OSH,community_x,community_x,커뮤니티/X,13,14,759
2026-04-29,JWO,news,news,뉴스,5,22,580
2026-04-29,JWO,video_post,video_post,영상·게시글,23,85,852
2026-04-29,JWO,comment,comment,댓글,0,47,585
2026-04-29,JWO,community_x,community_x,커뮤니티/X,6,6,345
2026-04-29,OSH,news,news,뉴스,10,40,1073
2026-04-29,OSH,video_post,video_post,영상·게시글,42,153,1532
2026-04-29,OSH,comment,comment,댓글,0,72,897
2026-04-29,OSH,community_x,community_x,커뮤니티/X,11,11,627
2026-04-29,JWO,news,news,뉴스,6,24,637
2026-04-29,JWO,video_post,video_post,영상·게시글,25,92,923
2026-04-29,JWO,comment,comment,댓글,0,51,634
2026-04-29,JWO,community_x,community_x,커뮤니티/X,6,7,370
2026-04-29,OSH,news,news,뉴스,9,36,957
2026-04-29,OSH,video_post,video_post,영상·게시글,40,143,1440
2026-04-29,OSH,comment,comment,댓글,0,75,929
2026-04-29,OSH,community_x,community_x,커뮤니티/X,10,10,576
2026-04-29,JWO,news,news,뉴스,4,17,449
2026-04-29,JWO,video_post,video_post,영상·게시글,17,63,639
2026-04-29,JWO,comment,comment,댓글,0,36,454
2026-04-29,JWO,community_x,community_x,커뮤니티/X,5,5,302
2026-04-29,OSH,news,news,뉴스,7,29,769
2026-04-29,OSH,video_post,video_post,영상·게시글,29,105,1050
2026-04-29,OSH,comment,comment,댓글,0,59,732
2026-04-29,OSH,community_x,community_x,커뮤니티/X,8,8,450
2026-04-29,JWO,news,news,뉴스,11,43,1135
2026-04-29,JWO,video_post,video_post,영상·게시글,44,160,1601
2026-04-29,JWO,comment,comment,댓글,0,91,1131
2026-04-29,JWO,community_x,community_x,커뮤니티/X,12,13,687
2026-04-29,OSH,news,news,뉴스,9,34,909
2026-04-29,OSH,video_post,video_post,영상·게시글,35,127,1272
2026-04-29,OSH,comment,comment,댓글,0,65,809
2026-04-29,OSH,community_x,community_x,커뮤니티/X,9,10,530
2026-04-29,JWO,news,news,뉴스,12,48,1266
2026-04-29,JWO,video_post,video_post,영상·게시글,50,182,1821
2026-04-29,JWO,comment,comment,댓글,0,105,1304
2026-04-29,JWO,community_x,community_x,커뮤니티/X,12,13,703
2026-04-29,OSH,news,news,뉴스,6,26,686
2026-04-29,OSH,video_post,video_post,영상·게시글,29,105,1053
2026-04-29,OSH,comment,comment,댓글,0,54,670
2026-04-29,OSH,community_x,community_x,커뮤니티/X,7,7,411
2026-04-29,JWO,news,news,뉴스,8,33,887
2026-04-29,JWO,video_post,video_post,영상·게시글,33,120,1201
2026-04-29,JWO,comment,comment,댓글,0,72,897
2026-04-29,JWO,community_x,community_x,커뮤니티/X,9,9,515
2026-04-29,OSH,news,news,뉴스,4,18,478
2026-04-29,OSH,video_post,video_post,영상·게시글,20,72,721
2026-04-29,OSH,comment,comment,댓글,0,37,469
2026-04-29,OSH,community_x,community_x,커뮤니티/X,5,5,288
2026-04-30,JWO,news,news,뉴스,11,45,1187
2026-04-30,JWO,video_post,video_post,영상·게시글,49,179,1794
2026-04-30,JWO,comment,comment,댓글,0,96,1186
2026-04-30,JWO,community_x,community_x,커뮤니티/X,12,13,709
2026-04-30,OSH,news,news,뉴스,17,68,1797
2026-04-30,OSH,video_post,video_post,영상·게시글,69,250,2507
2026-04-30,OSH,comment,comment,댓글,0,144,1787
2026-04-30,OSH,community_x,community_x,커뮤니티/X,18,20,1050
2026-04-30,JWO,news,news,뉴스,7,29,786
2026-04-30,JWO,video_post,video_post,영상·게시글,31,113,1139
2026-04-30,JWO,comment,comment,댓글,0,60,747
2026-04-30,JWO,community_x,community_x,커뮤니티/X,8,9,494
2026-04-30,OSH,news,news,뉴스,13,49,1305
2026-04-30,OSH,video_post,video_post,영상·게시글,58,209,2092
2026-04-30,OSH,comment,comment,댓글,0,90,1122
2026-04-30,OSH,community_x,community_x,커뮤니티/X,14,15,811
2026-04-30,JWO,news,news,뉴스,6,23,609
2026-04-30,JWO,video_post,video_post,영상·게시글,24,89,894
2026-04-30,JWO,comment,comment,댓글,0,45,563
2026-04-30,JWO,community_x,community_x,커뮤니티/X,6,7,385
2026-04-30,OSH,news,news,뉴스,9,34,902
2026-04-30,OSH,video_post,video_post,영상·게시글,39,140,1409
2026-04-30,OSH,comment,comment,댓글,0,64,801
2026-04-30,OSH,community_x,community_x,커뮤니티/X,9,9,519
2026-04-30,JWO,news,news,뉴스,7,27,721
2026-04-30,JWO,video_post,video_post,영상·게시글,27,98,982
2026-04-30,JWO,comment,comment,댓글,0,50,623
2026-04-30,JWO,community_x,community_x,커뮤니티/X,6,7,370
2026-04-30,OSH,news,news,뉴스,9,36,969
2026-04-30,OSH,video_post,video_post,영상·게시글,38,138,1387
2026-04-30,OSH,comment,comment,댓글,0,72,890
2026-04-30,OSH,community_x,community_x,커뮤니티/X,10,10,577
2026-04-30,JWO,news,news,뉴스,5,20,543
2026-04-30,JWO,video_post,video_post,영상·게시글,20,75,755
2026-04-30,JWO,comment,comment,댓글,0,39,482
2026-04-30,JWO,community_x,community_x,커뮤니티/X,5,5,302
2026-04-30,OSH,news,news,뉴스,8,31,831
2026-04-30,OSH,video_post,video_post,영상·게시글,35,126,1262
2026-04-30,OSH,comment,comment,댓글,0,66,821
2026-04-30,OSH,community_x,community_x,커뮤니티/X,8,9,492
2026-04-30,JWO,news,news,뉴스,12,48,1272
2026-04-30,JWO,video_post,video_post,영상·게시글,50,181,1817
2026-04-30,JWO,comment,comment,댓글,0,111,1375
2026-04-30,JWO,community_x,community_x,커뮤니티/X,11,12,661
2026-04-30,OSH,news,news,뉴스,8,33,879
2026-04-30,OSH,video_post,video_post,영상·게시글,31,111,1120
2026-04-30,OSH,comment,comment,댓글,0,61,763
2026-04-30,OSH,community_x,community_x,커뮤니티/X,9,9,508
2026-04-30,JWO,news,news,뉴스,10,41,1078
2026-04-30,JWO,video_post,video_post,영상·게시글,45,163,1639
2026-04-30,JWO,comment,comment,댓글,0,87,1083
2026-04-30,JWO,community_x,community_x,커뮤니티/X,10,11,604
2026-04-30,OSH,news,news,뉴스,7,28,761
2026-04-30,OSH,video_post,video_post,영상·게시글,30,108,1082
2026-04-30,OSH,comment,comment,댓글,0,61,754
2026-04-30,OSH,community_x,community_x,커뮤니티/X,7,8,441
2026-04-30,JWO,news,news,뉴스,9,35,933
2026-04-30,JWO,video_post,video_post,영상·게시글,35,128,1282
2026-04-30,JWO,comment,comment,댓글,0,74,926
2026-04-30,JWO,community_x,community_x,커뮤니티/X,9,10,531
2026-04-30,OSH,news,news,뉴스,5,22,586
2026-04-30,OSH,video_post,video_post,영상·게시글,22,82,827
2026-04-30,OSH,comment,comment,댓글,0,44,552
2026-04-30,OSH,community_x,community_x,커뮤니티/X,5,6,331
2026-05-01,JWO,news,news,뉴스,13,52,1369
2026-05-01,JWO,video_post,video_post,영상·게시글,51,185,1855
2026-05-01,JWO,comment,comment,댓글,0,103,1281
2026-05-01,JWO,community_x,community_x,커뮤니티/X,14,15,794
2026-05-01,OSH,news,news,뉴스,15,58,1526
2026-05-01,OSH,video_post,video_post,영상·게시글,64,231,2311
2026-05-01,OSH,comment,comment,댓글,0,108,1342
2026-05-01,OSH,community_x,community_x,커뮤니티/X,15,17,896
2026-05-01,JWO,news,news,뉴스,8,34,894
2026-05-01,JWO,video_post,video_post,영상·게시글,36,132,1326
2026-05-01,JWO,comment,comment,댓글,0,65,810
2026-05-01,JWO,community_x,community_x,커뮤니티/X,9,10,533
2026-05-01,OSH,news,news,뉴스,12,48,1266
2026-05-01,OSH,video_post,video_post,영상·게시글,56,204,2046
2026-05-01,OSH,comment,comment,댓글,0,101,1253
2026-05-01,OSH,community_x,community_x,커뮤니티/X,13,14,735
2026-05-01,JWO,news,news,뉴스,6,23,619
2026-05-01,JWO,video_post,video_post,영상·게시글,23,85,851
2026-05-01,JWO,comment,comment,댓글,0,53,661
2026-05-01,JWO,community_x,community_x,커뮤니티/X,7,7,401
2026-05-01,OSH,news,news,뉴스,10,39,1044
2026-05-01,OSH,video_post,video_post,영상·게시글,41,148,1481
2026-05-01,OSH,comment,comment,댓글,0,78,968
2026-05-01,OSH,community_x,community_x,커뮤니티/X,10,11,590
2026-05-01,JWO,news,news,뉴스,7,30,788
2026-05-01,JWO,video_post,video_post,영상·게시글,32,115,1159
2026-05-01,JWO,comment,comment,댓글,0,56,699
2026-05-01,JWO,community_x,community_x,커뮤니티/X,8,9,479
2026-05-01,OSH,news,news,뉴스,10,38,1004
2026-05-01,OSH,video_post,video_post,영상·게시글,36,132,1329
2026-05-01,OSH,comment,comment,댓글,0,76,951
2026-05-01,OSH,community_x,community_x,커뮤니티/X,9,10,543
2026-05-01,JWO,news,news,뉴스,4,18,492
2026-05-01,JWO,video_post,video_post,영상·게시글,20,72,723
2026-05-01,JWO,comment,comment,댓글,0,38,476
2026-05-01,JWO,community_x,community_x,커뮤니티/X,5,6,321
2026-05-01,OSH,news,news,뉴스,6,24,645
2026-05-01,OSH,video_post,video_post,영상·게시글,26,95,957
2026-05-01,OSH,comment,comment,댓글,0,54,676
2026-05-01,OSH,community_x,community_x,커뮤니티/X,7,7,414
2026-05-01,JWO,news,news,뉴스,11,43,1140
2026-05-01,JWO,video_post,video_post,영상·게시글,48,173,1740
2026-05-01,JWO,comment,comment,댓글,0,112,1389
2026-05-01,JWO,community_x,community_x,커뮤니티/X,12,13,727
2026-05-01,OSH,news,news,뉴스,8,33,888
2026-05-01,OSH,video_post,video_post,영상·게시글,36,131,1319
2026-05-01,OSH,comment,comment,댓글,0,65,804
2026-05-01,OSH,community_x,community_x,커뮤니티/X,9,10,547
2026-05-01,JWO,news,news,뉴스,13,52,1374
2026-05-01,JWO,video_post,video_post,영상·게시글,45,163,1634
2026-05-01,JWO,comment,comment,댓글,0,107,1322
2026-05-01,JWO,community_x,community_x,커뮤니티/X,13,14,766
2026-05-01,OSH,news,news,뉴스,7,28,742
2026-05-01,OSH,video_post,video_post,영상·게시글,29,106,1067
2026-05-01,OSH,comment,comment,댓글,0,54,670
2026-05-01,OSH,community_x,community_x,커뮤니티/X,8,8,460
2026-05-01,JWO,news,news,뉴스,7,30,794
2026-05-01,JWO,video_post,video_post,영상·게시글,31,113,1135
2026-05-01,JWO,comment,comment,댓글,0,79,979
2026-05-01,JWO,community_x,community_x,커뮤니티/X,7,8,425
2026-05-01,OSH,news,news,뉴스,5,19,508
2026-05-01,OSH,video_post,video_post,영상·게시글,22,80,801
2026-05-01,OSH,comment,comment,댓글,0,40,506
2026-05-01,OSH,community_x,community_x,커뮤니티/X,5,5,312
2026-05-02,JWO,news,news,뉴스,10,39,1045
2026-05-02,JWO,video_post,video_post,영상·게시글,45,165,1650
2026-05-02,JWO,comment,comment,댓글,0,85,1054
2026-05-02,JWO,community_x,community_x,커뮤니티/X,11,12,658
2026-05-02,OSH,news,news,뉴스,19,72,1909
2026-05-02,OSH,video_post,video_post,영상·게시글,82,296,2968
2026-05-02,OSH,comment,comment,댓글,0,147,1825
2026-05-02,OSH,community_x,community_x,커뮤니티/X,20,22,1168
2026-05-02,JWO,news,news,뉴스,8,31,818
2026-05-02,JWO,video_post,video_post,영상·게시글,31,112,1130
2026-05-02,JWO,comment,comment,댓글,0,60,743
2026-05-02,JWO,community_x,community_x,커뮤니티/X,8,9,487
2026-05-02,OSH,news,news,뉴스,13,52,1380
2026-05-02,OSH,video_post,video_post,영상·게시글,62,225,2257
2026-05-02,OSH,comment,comment,댓글,0,103,1278
2026-05-02,OSH,community_x,community_x,커뮤니티/X,14,15,799
2026-05-02,JWO,news,news,뉴스,6,22,601
2026-05-02,JWO,video_post,video_post,영상·게시글,25,90,903
2026-05-02,JWO,comment,comment,댓글,0,43,535
2026-05-02,JWO,community_x,community_x,커뮤니티/X,6,6,365
2026-05-02,OSH,news,news,뉴스,8,33,884
2026-05-02,OSH,video_post,video_post,영상·게시글,42,151,1514
2026-05-02,OSH,comment,comment,댓글,0,72,900
2026-05-02,OSH,community_x,community_x,커뮤니티/X,8,9,504
2026-05-02,JWO,news,news,뉴스,6,26,699
2026-05-02,JWO,video_post,video_post,영상·게시글,29,104,1047
2026-05-02,JWO,comment,comment,댓글,0,55,685
2026-05-02,JWO,community_x,community_x,커뮤니티/X,7,8,429
2026-05-02,OSH,news,news,뉴스,8,34,898
2026-05-02,OSH,video_post,video_post,영상·게시글,37,133,1333
2026-05-02,OSH,comment,comment,댓글,0,71,883
2026-05-02,OSH,community_x,community_x,커뮤니티/X,10,11,587
2026-05-02,JWO,news,news,뉴스,4,16,446
2026-05-02,JWO,video_post,video_post,영상·게시글,17,63,638
2026-05-02,JWO,comment,comment,댓글,0,38,479
2026-05-02,JWO,community_x,community_x,커뮤니티/X,4,4,259
2026-05-02,OSH,news,news,뉴스,7,30,792
2026-05-02,OSH,video_post,video_post,영상·게시글,33,121,1215
2026-05-02,OSH,comment,comment,댓글,0,60,743
2026-05-02,OSH,community_x,community_x,커뮤니티/X,8,8,466
2026-05-02,JWO,news,news,뉴스,12,47,1238
2026-05-02,JWO,video_post,video_post,영상·게시글,51,186,1869
2026-05-02,JWO,comment,comment,댓글,0,106,1318
2026-05-02,JWO,community_x,community_x,커뮤니티/X,12,13,728
2026-05-02,OSH,news,news,뉴스,9,35,926
2026-05-02,OSH,video_post,video_post,영상·게시글,37,135,1358
2026-05-02,OSH,comment,comment,댓글,0,69,863
2026-05-02,OSH,community_x,community_x,커뮤니티/X,9,9,516
2026-05-02,JWO,news,news,뉴스,10,41,1092
2026-05-02,JWO,video_post,video_post,영상·게시글,47,172,1727
2026-05-02,JWO,comment,comment,댓글,0,85,1059
2026-05-02,JWO,community_x,community_x,커뮤니티/X,12,13,683
2026-05-02,OSH,news,news,뉴스,7,28,742
2026-05-02,OSH,video_post,video_post,영상·게시글,29,106,1067
2026-05-02,OSH,comment,comment,댓글,0,52,648
2026-05-02,OSH,community_x,community_x,커뮤니티/X,7,8,449
2026-05-02,JWO,news,news,뉴스,9,36,950
2026-05-02,JWO,video_post,video_post,영상·게시글,34,124,1244
2026-05-02,JWO,comment,comment,댓글,0,76,945
2026-05-02,JWO,community_x,community_x,커뮤니티/X,10,10,571
2026-05-02,OSH,news,news,뉴스,5,20,538
2026-05-02,OSH,video_post,video_post,영상·게시글,22,79,798
2026-05-02,OSH,comment,comment,댓글,0,42,523
2026-05-02,OSH,community_x,community_x,커뮤니티/X,6,7,379
2026-05-03,JWO,news,news,뉴스,11,45,1197
2026-05-03,JWO,video_post,video_post,영상·게시글,48,173,1736
2026-05-03,JWO,comment,comment,댓글,0,82,1020
2026-05-03,JWO,community_x,community_x,커뮤니티/X,11,12,659
2026-05-03,OSH,news,news,뉴스,18,70,1857
2026-05-03,OSH,video_post,video_post,영상·게시글,85,306,3067
2026-05-03,OSH,comment,comment,댓글,0,138,1717
2026-05-03,OSH,community_x,community_x,커뮤니티/X,18,19,1048
2026-05-03,JWO,news,news,뉴스,7,29,780
2026-05-03,JWO,video_post,video_post,영상·게시글,31,112,1122
2026-05-03,JWO,comment,comment,댓글,0,63,786
2026-05-03,JWO,community_x,community_x,커뮤니티/X,8,9,499
2026-05-03,OSH,news,news,뉴스,13,51,1344
2026-05-03,OSH,video_post,video_post,영상·게시글,57,205,2053
2026-05-03,OSH,comment,comment,댓글,0,104,1297
2026-05-03,OSH,community_x,community_x,커뮤니티/X,14,15,815
2026-05-03,JWO,news,news,뉴스,4,18,488
2026-05-03,JWO,video_post,video_post,영상·게시글,21,77,778
2026-05-03,JWO,comment,comment,댓글,0,39,494
2026-05-03,JWO,community_x,community_x,커뮤니티/X,5,5,285
2026-05-03,OSH,news,news,뉴스,11,42,1113
2026-05-03,OSH,video_post,video_post,영상·게시글,45,163,1630
2026-05-03,OSH,comment,comment,댓글,0,82,1015
2026-05-03,OSH,community_x,community_x,커뮤니티/X,11,11,626
2026-05-03,JWO,news,news,뉴스,6,23,624
2026-05-03,JWO,video_post,video_post,영상·게시글,26,96,967
2026-05-03,JWO,comment,comment,댓글,0,51,632
2026-05-03,JWO,community_x,community_x,커뮤니티/X,7,7,406
2026-05-03,OSH,news,news,뉴스,8,33,869
2026-05-03,OSH,video_post,video_post,영상·게시글,35,129,1295
2026-05-03,OSH,comment,comment,댓글,0,72,892
2026-05-03,OSH,community_x,community_x,커뮤니티/X,9,10,552
2026-05-03,JWO,news,news,뉴스,5,20,535
2026-05-03,JWO,video_post,video_post,영상·게시글,21,77,778
2026-05-03,JWO,comment,comment,댓글,0,38,478
2026-05-03,JWO,community_x,community_x,커뮤니티/X,5,5,309
2026-05-03,OSH,news,news,뉴스,8,30,812
2026-05-03,OSH,video_post,video_post,영상·게시글,32,118,1187
2026-05-03,OSH,comment,comment,댓글,0,54,674
2026-05-03,OSH,community_x,community_x,커뮤니티/X,8,8,453
2026-05-03,JWO,news,news,뉴스,12,45,1203
2026-05-03,JWO,video_post,video_post,영상·게시글,45,164,1648
2026-05-03,JWO,comment,comment,댓글,0,96,1192
2026-05-03,JWO,community_x,community_x,커뮤니티/X,12,13,700
2026-05-03,OSH,news,news,뉴스,8,30,809
2026-05-03,OSH,video_post,video_post,영상·게시글,34,122,1229
2026-05-03,OSH,comment,comment,댓글,0,68,847
2026-05-03,OSH,community_x,community_x,커뮤니티/X,9,10,539
2026-05-03,JWO,news,news,뉴스,10,41,1096
2026-05-03,JWO,video_post,video_post,영상·게시글,44,158,1589
2026-05-03,JWO,comment,comment,댓글,0,91,1126
2026-05-03,JWO,community_x,community_x,커뮤니티/X,10,11,614
2026-05-03,OSH,news,news,뉴스,6,26,698
2026-05-03,OSH,video_post,video_post,영상·게시글,29,105,1053
2026-05-03,OSH,comment,comment,댓글,0,59,740
2026-05-03,OSH,community_x,community_x,커뮤니티/X,7,8,444
2026-05-03,JWO,news,news,뉴스,9,34,905
2026-05-03,JWO,video_post,video_post,영상·게시글,32,117,1179
2026-05-03,JWO,comment,comment,댓글,0,73,906
2026-05-03,JWO,community_x,community_x,커뮤니티/X,9,9,516
2026-05-03,OSH,news,news,뉴스,5,20,546
2026-05-03,OSH,video_post,video_post,영상·게시글,21,76,762
2026-05-03,OSH,comment,comment,댓글,0,40,505
2026-05-03,OSH,community_x,community_x,커뮤니티/X,5,5,311
2026-05-04,JWO,news,news,뉴스,12,45,1205
2026-05-04,JWO,video_post,video_post,영상·게시글,43,157,1572
2026-05-04,JWO,comment,comment,댓글,0,89,1110
2026-05-04,JWO,community_x,community_x,커뮤니티/X,12,12,679
2026-05-04,OSH,news,news,뉴스,16,63,1676
2026-05-04,OSH,video_post,video_post,영상·게시글,73,266,2661
2026-05-04,OSH,comment,comment,댓글,0,126,1568
2026-05-04,OSH,community_x,community_x,커뮤니티/X,18,19,1029
2026-05-04,JWO,news,news,뉴스,7,28,737
2026-05-04,JWO,video_post,video_post,영상·게시글,31,114,1147
2026-05-04,JWO,comment,comment,댓글,0,60,752
2026-05-04,JWO,community_x,community_x,커뮤니티/X,8,8,453
2026-05-04,OSH,news,news,뉴스,13,50,1336
2026-05-04,OSH,video_post,video_post,영상·게시글,57,205,2053
2026-05-04,OSH,comment,comment,댓글,0,102,1263
2026-05-04,OSH,community_x,community_x,커뮤니티/X,15,16,855
2026-05-04,JWO,news,news,뉴스,5,20,537
2026-05-04,JWO,video_post,video_post,영상·게시글,21,79,791
2026-05-04,JWO,comment,comment,댓글,0,41,510
2026-05-04,JWO,community_x,community_x,커뮤니티/X,5,6,334
2026-05-04,OSH,news,news,뉴스,10,39,1041
2026-05-04,OSH,video_post,video_post,영상·게시글,42,152,1528
2026-05-04,OSH,comment,comment,댓글,0,74,921
2026-05-04,OSH,community_x,community_x,커뮤니티/X,11,11,629
2026-05-04,JWO,news,news,뉴스,7,27,709
2026-05-04,JWO,video_post,video_post,영상·게시글,24,89,894
2026-05-04,JWO,comment,comment,댓글,0,52,644
2026-05-04,JWO,community_x,community_x,커뮤니티/X,7,8,420
2026-05-04,OSH,news,news,뉴스,9,35,930
2026-05-04,OSH,video_post,video_post,영상·게시글,39,141,1411
2026-05-04,OSH,comment,comment,댓글,0,70,865
2026-05-04,OSH,community_x,community_x,커뮤니티/X,10,11,605
2026-05-04,JWO,news,news,뉴스,5,20,546
2026-05-04,JWO,video_post,video_post,영상·게시글,18,67,680
2026-05-04,JWO,comment,comment,댓글,0,39,482
2026-05-04,JWO,community_x,community_x,커뮤니티/X,5,5,298
2026-05-04,OSH,news,news,뉴스,7,29,769
2026-05-04,OSH,video_post,video_post,영상·게시글,30,110,1101
2026-05-04,OSH,comment,comment,댓글,0,62,771
2026-05-04,OSH,community_x,community_x,커뮤니티/X,8,8,466
2026-05-04,JWO,news,news,뉴스,11,42,1123
2026-05-04,JWO,video_post,video_post,영상·게시글,45,163,1636
2026-05-04,JWO,comment,comment,댓글,0,89,1104
2026-05-04,JWO,community_x,community_x,커뮤니티/X,11,12,643
2026-05-04,OSH,news,news,뉴스,8,31,837
2026-05-04,OSH,video_post,video_post,영상·게시글,33,121,1211
2026-05-04,OSH,comment,comment,댓글,0,68,850
2026-05-04,OSH,community_x,community_x,커뮤니티/X,8,9,483
2026-05-04,JWO,news,news,뉴스,11,42,1125
2026-05-04,JWO,video_post,video_post,영상·게시글,45,162,1622
2026-05-04,JWO,comment,comment,댓글,0,89,1109
2026-05-04,JWO,community_x,community_x,커뮤니티/X,11,12,666
2026-05-04,OSH,news,news,뉴스,7,26,702
2026-05-04,OSH,video_post,video_post,영상·게시글,28,101,1013
2026-05-04,OSH,comment,comment,댓글,0,54,677
2026-05-04,OSH,community_x,community_x,커뮤니티/X,7,7,417
2026-05-04,JWO,news,news,뉴스,9,36,948
2026-05-04,JWO,video_post,video_post,영상·게시글,37,135,1351
2026-05-04,JWO,comment,comment,댓글,0,75,931
2026-05-04,JWO,community_x,community_x,커뮤니티/X,9,10,560
2026-05-04,OSH,news,news,뉴스,5,20,527
2026-05-04,OSH,video_post,video_post,영상·게시글,20,74,747
2026-05-04,OSH,comment,comment,댓글,0,40,504
2026-05-04,OSH,community_x,community_x,커뮤니티/X,6,6,343
2026-05-05,JWO,news,news,뉴스,12,46,1228
2026-05-05,JWO,video_post,video_post,영상·게시글,49,177,1774
2026-05-05,JWO,comment,comment,댓글,0,87,1076
2026-05-05,JWO,community_x,community_x,커뮤니티/X,12,13,714
2026-05-05,OSH,news,news,뉴스,16,63,1667
2026-05-05,OSH,video_post,video_post,영상·게시글,78,282,2830
2026-05-05,OSH,comment,comment,댓글,0,143,1769
2026-05-05,OSH,community_x,community_x,커뮤니티/X,18,19,1039
2026-05-05,JWO,news,news,뉴스,6,25,674
2026-05-05,JWO,video_post,video_post,영상·게시글,26,96,970
2026-05-05,JWO,comment,comment,댓글,0,56,697
2026-05-05,JWO,community_x,community_x,커뮤니티/X,7,8,422
2026-05-05,OSH,news,news,뉴스,13,49,1300
2026-05-05,OSH,video_post,video_post,영상·게시글,57,205,2057
2026-05-05,OSH,comment,comment,댓글,0,106,1317
2026-05-05,OSH,community_x,community_x,커뮤니티/X,13,14,762
2026-05-05,JWO,news,news,뉴스,4,18,475
2026-05-05,JWO,video_post,video_post,영상·게시글,21,76,763
2026-05-05,JWO,comment,comment,댓글,0,36,451
2026-05-05,JWO,community_x,community_x,커뮤니티/X,4,5,281
2026-05-05,OSH,news,news,뉴스,9,35,923
2026-05-05,OSH,video_post,video_post,영상·게시글,41,149,1495
2026-05-05,OSH,comment,comment,댓글,0,72,897
2026-05-05,OSH,community_x,community_x,커뮤니티/X,10,11,589
2026-05-05,JWO,news,news,뉴스,7,29,774
2026-05-05,JWO,video_post,video_post,영상·게시글,26,95,950
2026-05-05,JWO,comment,comment,댓글,0,56,703
2026-05-05,JWO,community_x,community_x,커뮤니티/X,7,8,423
2026-05-05,OSH,news,news,뉴스,8,33,868
2026-05-05,OSH,video_post,video_post,영상·게시글,35,127,1276
2026-05-05,OSH,comment,comment,댓글,0,69,854
2026-05-05,OSH,community_x,community_x,커뮤니티/X,10,11,586
2026-05-05,JWO,news,news,뉴스,5,19,512
2026-05-05,JWO,video_post,video_post,영상·게시글,20,72,722
2026-05-05,JWO,comment,comment,댓글,0,40,503
2026-05-05,JWO,community_x,community_x,커뮤니티/X,5,5,304
2026-05-05,OSH,news,news,뉴스,7,27,733
2026-05-05,OSH,video_post,video_post,영상·게시글,30,110,1109
2026-05-05,OSH,comment,comment,댓글,0,59,732
2026-05-05,OSH,community_x,community_x,커뮤니티/X,8,9,474
2026-05-05,JWO,news,news,뉴스,11,41,1101
2026-05-05,JWO,video_post,video_post,영상·게시글,41,151,1511
2026-05-05,JWO,comment,comment,댓글,0,93,1152
2026-05-05,JWO,community_x,community_x,커뮤니티/X,11,12,638
2026-05-05,OSH,news,news,뉴스,8,30,804
2026-05-05,OSH,video_post,video_post,영상·게시글,33,119,1195
2026-05-05,OSH,comment,comment,댓글,0,59,739
2026-05-05,OSH,community_x,community_x,커뮤니티/X,8,9,492
2026-05-05,JWO,news,news,뉴스,10,40,1070
2026-05-05,JWO,video_post,video_post,영상·게시글,49,176,1766
2026-05-05,JWO,comment,comment,댓글,0,91,1128
2026-05-05,JWO,community_x,community_x,커뮤니티/X,12,12,680
2026-05-05,OSH,news,news,뉴스,6,24,648
2026-05-05,OSH,video_post,video_post,영상·게시글,25,90,905
2026-05-05,OSH,comment,comment,댓글,0,57,708
2026-05-05,OSH,community_x,community_x,커뮤니티/X,7,7,401
2026-05-05,JWO,news,news,뉴스,8,33,877
2026-05-05,JWO,video_post,video_post,영상·게시글,34,122,1226
2026-05-05,JWO,comment,comment,댓글,0,75,930
2026-05-05,JWO,community_x,community_x,커뮤니티/X,9,10,556
2026-05-05,OSH,news,news,뉴스,4,18,474
2026-05-05,OSH,video_post,video_post,영상·게시글,19,68,689
2026-05-05,OSH,comment,comment,댓글,0,36,447
2026-05-05,OSH,community_x,community_x,커뮤니티/X,4,4,259
2026-05-06,JWO,news,news,뉴스,12,48,1268
2026-05-06,JWO,video_post,video_post,영상·게시글,49,179,1792
2026-05-06,JWO,comment,comment,댓글,0,94,1167
2026-05-06,JWO,community_x,community_x,커뮤니티/X,12,13,710
2026-05-06,OSH,news,news,뉴스,15,60,1593
2026-05-06,OSH,video_post,video_post,영상·게시글,69,250,2505
2026-05-06,OSH,comment,comment,댓글,0,114,1418
2026-05-06,OSH,community_x,community_x,커뮤니티/X,17,18,979
2026-05-06,JWO,news,news,뉴스,8,33,887
2026-05-06,JWO,video_post,video_post,영상·게시글,33,121,1219
2026-05-06,JWO,comment,comment,댓글,0,65,808
2026-05-06,JWO,community_x,community_x,커뮤니티/X,8,9,495
2026-05-06,OSH,news,news,뉴스,14,53,1407
2026-05-06,OSH,video_post,video_post,영상·게시글,59,215,2152
2026-05-06,OSH,comment,comment,댓글,0,111,1381
2026-05-06,OSH,community_x,community_x,커뮤니티/X,14,15,829
2026-05-06,JWO,news,news,뉴스,4,18,477
2026-05-06,JWO,video_post,video_post,영상·게시글,22,80,800
2026-05-06,JWO,comment,comment,댓글,0,36,456
2026-05-06,JWO,community_x,community_x,커뮤니티/X,5,5,313
2026-05-06,OSH,news,news,뉴스,9,34,911
2026-05-06,OSH,video_post,video_post,영상·게시글,42,153,1538
2026-05-06,OSH,comment,comment,댓글,0,79,983
2026-05-06,OSH,community_x,community_x,커뮤니티/X,10,10,577
2026-05-06,JWO,news,news,뉴스,7,26,708
2026-05-06,JWO,video_post,video_post,영상·게시글,29,106,1069
2026-05-06,JWO,comment,comment,댓글,0,56,702
2026-05-06,JWO,community_x,community_x,커뮤니티/X,8,8,452
2026-05-06,OSH,news,news,뉴스,8,34,895
2026-05-06,OSH,video_post,video_post,영상·게시글,34,124,1245
2026-05-06,OSH,comment,comment,댓글,0,67,832
2026-05-06,OSH,community_x,community_x,커뮤니티/X,10,10,564
2026-05-06,JWO,news,news,뉴스,4,16,439
2026-05-06,JWO,video_post,video_post,영상·게시글,18,67,671
2026-05-06,JWO,comment,comment,댓글,0,32,398
2026-05-06,JWO,community_x,community_x,커뮤니티/X,4,5,272
2026-05-06,OSH,news,news,뉴스,7,27,729
2026-05-06,OSH,video_post,video_post,영상·게시글,29,105,1057
2026-05-06,OSH,comment,comment,댓글,0,55,690
2026-05-06,OSH,community_x,community_x,커뮤니티/X,7,7,407
2026-05-06,JWO,news,news,뉴스,10,41,1089
2026-05-06,JWO,video_post,video_post,영상·게시글,44,158,1590
2026-05-06,JWO,comment,comment,댓글,0,96,1193
2026-05-06,JWO,community_x,community_x,커뮤니티/X,10,11,598
2026-05-06,OSH,news,news,뉴스,7,30,796
2026-05-06,OSH,video_post,video_post,영상·게시글,28,103,1036
2026-05-06,OSH,comment,comment,댓글,0,57,712
2026-05-06,OSH,community_x,community_x,커뮤니티/X,8,8,452
2026-05-06,JWO,news,news,뉴스,9,37,996
2026-05-06,JWO,video_post,video_post,영상·게시글,39,143,1430
2026-05-06,JWO,comment,comment,댓글,0,90,1117
2026-05-06,JWO,community_x,community_x,커뮤니티/X,11,11,621
2026-05-06,OSH,news,news,뉴스,6,25,671
2026-05-06,OSH,video_post,video_post,영상·게시글,27,98,986
2026-05-06,OSH,comment,comment,댓글,0,50,619
2026-05-06,OSH,community_x,community_x,커뮤니티/X,7,7,400
2026-05-06,JWO,news,news,뉴스,8,33,867
2026-05-06,JWO,video_post,video_post,영상·게시글,34,123,1236
2026-05-06,JWO,comment,comment,댓글,0,68,851
2026-05-06,JWO,community_x,community_x,커뮤니티/X,9,10,530
2026-05-06,OSH,news,news,뉴스,5,19,512
2026-05-06,OSH,video_post,video_post,영상·게시글,18,67,679
2026-05-06,OSH,comment,comment,댓글,0,38,480
2026-05-06,OSH,community_x,community_x,커뮤니티/X,5,5,284
2026-05-07,JWO,news,news,뉴스,10,39,1047
2026-05-07,JWO,video_post,video_post,영상·게시글,45,164,1642
2026-05-07,JWO,comment,comment,댓글,0,81,1012
2026-05-07,JWO,community_x,community_x,커뮤니티/X,11,12,650
2026-05-07,OSH,news,news,뉴스,15,58,1526
2026-05-07,OSH,video_post,video_post,영상·게시글,69,249,2495
2026-05-07,OSH,comment,comment,댓글,0,118,1458
2026-05-07,OSH,community_x,community_x,커뮤니티/X,16,17,909
2026-05-07,JWO,news,news,뉴스,7,27,725
2026-05-07,JWO,video_post,video_post,영상·게시글,29,105,1057
2026-05-07,JWO,comment,comment,댓글,0,55,688
2026-05-07,JWO,community_x,community_x,커뮤니티/X,7,8,427
2026-05-07,OSH,news,news,뉴스,10,41,1081
2026-05-07,OSH,video_post,video_post,영상·게시글,47,170,1706
2026-05-07,OSH,comment,comment,댓글,0,94,1162
2026-05-07,OSH,community_x,community_x,커뮤니티/X,11,12,658
2026-05-07,JWO,news,news,뉴스,4,17,450
2026-05-07,JWO,video_post,video_post,영상·게시글,17,64,643
2026-05-07,JWO,comment,comment,댓글,0,34,427
2026-05-07,JWO,community_x,community_x,커뮤니티/X,5,5,287
2026-05-07,OSH,news,news,뉴스,7,29,785
2026-05-07,OSH,video_post,video_post,영상·게시글,31,113,1137
2026-05-07,OSH,comment,comment,댓글,0,59,739
2026-05-07,OSH,community_x,community_x,커뮤니티/X,8,8,459
2026-05-07,JWO,news,news,뉴스,6,23,629
2026-05-07,JWO,video_post,video_post,영상·게시글,26,95,954
2026-05-07,JWO,comment,comment,댓글,0,51,640
2026-05-07,JWO,community_x,community_x,커뮤니티/X,6,7,379
2026-05-07,OSH,news,news,뉴스,8,31,820
2026-05-07,OSH,video_post,video_post,영상·게시글,32,115,1160
2026-05-07,OSH,comment,comment,댓글,0,66,819
2026-05-07,OSH,community_x,community_x,커뮤니티/X,9,9,513
2026-05-07,JWO,news,news,뉴스,4,16,444
2026-05-07,JWO,video_post,video_post,영상·게시글,18,65,658
2026-05-07,JWO,comment,comment,댓글,0,30,372
2026-05-07,JWO,community_x,community_x,커뮤니티/X,4,5,264
2026-05-07,OSH,news,news,뉴스,5,22,596
2026-05-07,OSH,video_post,video_post,영상·게시글,22,81,819
2026-05-07,OSH,comment,comment,댓글,0,51,631
2026-05-07,OSH,community_x,community_x,커뮤니티/X,6,7,390
2026-05-07,JWO,news,news,뉴스,9,37,974
2026-05-07,JWO,video_post,video_post,영상·게시글,42,151,1518
2026-05-07,JWO,comment,comment,댓글,0,87,1081
2026-05-07,JWO,community_x,community_x,커뮤니티/X,10,11,592
2026-05-07,OSH,news,news,뉴스,9,34,907
2026-05-07,OSH,video_post,video_post,영상·게시글,34,122,1226
2026-05-07,OSH,comment,comment,댓글,0,68,844
2026-05-07,OSH,community_x,community_x,커뮤니티/X,9,9,515
2026-05-07,JWO,news,news,뉴스,9,35,928
2026-05-07,JWO,video_post,video_post,영상·게시글,37,134,1345
2026-05-07,JWO,comment,comment,댓글,0,78,964
2026-05-07,JWO,community_x,community_x,커뮤니티/X,10,11,596
2026-05-07,OSH,news,news,뉴스,7,30,798
2026-05-07,OSH,video_post,video_post,영상·게시글,30,109,1097
2026-05-07,OSH,comment,comment,댓글,0,57,709
2026-05-07,OSH,community_x,community_x,커뮤니티/X,7,8,428
2026-05-07,JWO,news,news,뉴스,7,29,770
2026-05-07,JWO,video_post,video_post,영상·게시글,32,115,1158
2026-05-07,JWO,comment,comment,댓글,0,67,831
2026-05-07,JWO,community_x,community_x,커뮤니티/X,7,7,417
2026-05-07,OSH,news,news,뉴스,4,16,442
2026-05-07,OSH,video_post,video_post,영상·게시글,17,62,627
2026-05-07,OSH,comment,comment,댓글,0,35,443
2026-05-07,OSH,community_x,community_x,커뮤니티/X,5,5,283
2026-05-08,JWO,news,news,뉴스,11,45,1187
2026-05-08,JWO,video_post,video_post,영상·게시글,44,159,1596
2026-05-08,JWO,comment,comment,댓글,0,87,1076
2026-05-08,JWO,community_x,community_x,커뮤니티/X,11,12,635
2026-05-08,OSH,news,news,뉴스,14,56,1494
2026-05-08,OSH,video_post,video_post,영상·게시글,62,223,2237
2026-05-08,OSH,comment,comment,댓글,0,115,1423
2026-05-08,OSH,community_x,community_x,커뮤니티/X,15,16,851
2026-05-08,JWO,news,news,뉴스,6,25,671
2026-05-08,JWO,video_post,video_post,영상·게시글,26,94,943
2026-05-08,JWO,comment,comment,댓글,0,58,723
2026-05-08,JWO,community_x,community_x,커뮤니티/X,7,7,396
2026-05-08,OSH,news,news,뉴스,11,43,1134
2026-05-08,OSH,video_post,video_post,영상·게시글,49,179,1798
2026-05-08,OSH,comment,comment,댓글,0,88,1095
2026-05-08,OSH,community_x,community_x,커뮤니티/X,13,14,744
2026-05-08,JWO,news,news,뉴스,5,20,550
2026-05-08,JWO,video_post,video_post,영상·게시글,19,69,693
2026-05-08,JWO,comment,comment,댓글,0,44,548
2026-05-08,JWO,community_x,community_x,커뮤니티/X,5,5,309
2026-05-08,OSH,news,news,뉴스,7,28,758
2026-05-08,OSH,video_post,video_post,영상·게시글,34,124,1246
2026-05-08,OSH,comment,comment,댓글,0,55,689
2026-05-08,OSH,community_x,community_x,커뮤니티/X,8,9,475
2026-05-08,JWO,news,news,뉴스,7,27,733
2026-05-08,JWO,video_post,video_post,영상·게시글,28,101,1017
2026-05-08,JWO,comment,comment,댓글,0,54,677
2026-05-08,JWO,community_x,community_x,커뮤니티/X,7,8,428
2026-05-08,OSH,news,news,뉴스,9,34,903
2026-05-08,OSH,video_post,video_post,영상·게시글,36,132,1320
2026-05-08,OSH,comment,comment,댓글,0,74,922
2026-05-08,OSH,community_x,community_x,커뮤니티/X,10,11,590
2026-05-08,JWO,news,news,뉴스,4,15,405
2026-05-08,JWO,video_post,video_post,영상·게시글,16,57,576
2026-05-08,JWO,comment,comment,댓글,0,34,426
2026-05-08,JWO,community_x,community_x,커뮤니티/X,4,5,281
2026-05-08,OSH,news,news,뉴스,7,27,711
2026-05-08,OSH,video_post,video_post,영상·게시글,28,102,1028
2026-05-08,OSH,comment,comment,댓글,0,51,641
2026-05-08,OSH,community_x,community_x,커뮤니티/X,6,7,392
2026-05-08,JWO,news,news,뉴스,16,62,1632
2026-05-08,JWO,video_post,video_post,영상·게시글,60,216,2167
2026-05-08,JWO,comment,comment,댓글,0,130,1617
2026-05-08,JWO,community_x,community_x,커뮤니티/X,16,17,931
2026-05-08,OSH,news,news,뉴스,9,34,905
2026-05-08,OSH,video_post,video_post,영상·게시글,36,131,1314
2026-05-08,OSH,comment,comment,댓글,0,71,883
2026-05-08,OSH,community_x,community_x,커뮤니티/X,9,10,529
2026-05-08,JWO,news,news,뉴스,15,60,1581
2026-05-08,JWO,video_post,video_post,영상·게시글,65,235,2358
2026-05-08,JWO,comment,comment,댓글,0,145,1802
2026-05-08,JWO,community_x,community_x,커뮤니티/X,17,19,1008
2026-05-08,OSH,news,news,뉴스,7,29,787
2026-05-08,OSH,video_post,video_post,영상·게시글,31,114,1141
2026-05-08,OSH,comment,comment,댓글,0,64,801
2026-05-08,OSH,community_x,community_x,커뮤니티/X,7,8,423
2026-05-08,JWO,news,news,뉴스,11,42,1106
2026-05-08,JWO,video_post,video_post,영상·게시글,48,175,1753
2026-05-08,JWO,comment,comment,댓글,0,101,1254
2026-05-08,JWO,community_x,community_x,커뮤니티/X,13,13,733
2026-05-08,OSH,news,news,뉴스,4,18,482
2026-05-08,OSH,video_post,video_post,영상·게시글,20,75,750
2026-05-08,OSH,comment,comment,댓글,0,40,499
2026-05-08,OSH,community_x,community_x,커뮤니티/X,5,5,309
2026-05-09,JWO,news,news,뉴스,10,41,1088
2026-05-09,JWO,video_post,video_post,영상·게시글,42,152,1528
2026-05-09,JWO,comment,comment,댓글,0,80,992
2026-05-09,JWO,community_x,community_x,커뮤니티/X,10,11,613
2026-05-09,OSH,news,news,뉴스,15,58,1532
2026-05-09,OSH,video_post,video_post,영상·게시글,68,247,2478
2026-05-09,OSH,comment,comment,댓글,0,116,1441
2026-05-09,OSH,community_x,community_x,커뮤니티/X,15,16,887
2026-05-09,JWO,news,news,뉴스,9,35,929
2026-05-09,JWO,video_post,video_post,영상·게시글,36,132,1322
2026-05-09,JWO,comment,comment,댓글,0,75,933
2026-05-09,JWO,community_x,community_x,커뮤니티/X,9,10,551
2026-05-09,OSH,news,news,뉴스,17,65,1717
2026-05-09,OSH,video_post,video_post,영상·게시글,80,291,2910
2026-05-09,OSH,comment,comment,댓글,0,144,1782
2026-05-09,OSH,community_x,community_x,커뮤니티/X,18,19,1046
2026-05-09,JWO,news,news,뉴스,6,23,604
2026-05-09,JWO,video_post,video_post,영상·게시글,22,80,803
2026-05-09,JWO,comment,comment,댓글,0,41,508
2026-05-09,JWO,community_x,community_x,커뮤니티/X,6,6,339
2026-05-09,OSH,news,news,뉴스,8,32,856
2026-05-09,OSH,video_post,video_post,영상·게시글,35,129,1295
2026-05-09,OSH,comment,comment,댓글,0,63,785
2026-05-09,OSH,community_x,community_x,커뮤니티/X,9,9,519
2026-05-09,JWO,news,news,뉴스,8,30,811
2026-05-09,JWO,video_post,video_post,영상·게시글,31,113,1131
2026-05-09,JWO,comment,comment,댓글,0,63,781
2026-05-09,JWO,community_x,community_x,커뮤니티/X,8,9,494
2026-05-09,OSH,news,news,뉴스,14,53,1402
2026-05-09,OSH,video_post,video_post,영상·게시글,51,187,1871
2026-05-09,OSH,comment,comment,댓글,0,97,1210
2026-05-09,OSH,community_x,community_x,커뮤니티/X,14,15,799
2026-05-09,JWO,news,news,뉴스,4,17,457
2026-05-09,JWO,video_post,video_post,영상·게시글,17,63,631
2026-05-09,JWO,comment,comment,댓글,0,36,452
2026-05-09,JWO,community_x,community_x,커뮤니티/X,5,5,285
2026-05-09,OSH,news,news,뉴스,7,27,717
2026-05-09,OSH,video_post,video_post,영상·게시글,26,95,950
2026-05-09,OSH,comment,comment,댓글,0,52,648
2026-05-09,OSH,community_x,community_x,커뮤니티/X,6,7,386
2026-05-09,JWO,news,news,뉴스,10,40,1063
2026-05-09,JWO,video_post,video_post,영상·게시글,44,160,1605
2026-05-09,JWO,comment,comment,댓글,0,95,1181
2026-05-09,JWO,community_x,community_x,커뮤니티/X,12,12,679
2026-05-09,OSH,news,news,뉴스,8,31,817
2026-05-09,OSH,video_post,video_post,영상·게시글,31,112,1122
2026-05-09,OSH,comment,comment,댓글,0,62,768
2026-05-09,OSH,community_x,community_x,커뮤니티/X,8,9,479
2026-05-09,JWO,news,news,뉴스,9,36,968
2026-05-09,JWO,video_post,video_post,영상·게시글,41,148,1485
2026-05-09,JWO,comment,comment,댓글,0,84,1041
2026-05-09,JWO,community_x,community_x,커뮤니티/X,11,12,633
2026-05-09,OSH,news,news,뉴스,5,22,597
2026-05-09,OSH,video_post,video_post,영상·게시글,25,90,903
2026-05-09,OSH,comment,comment,댓글,0,50,625
2026-05-09,OSH,community_x,community_x,커뮤니티/X,6,6,353
2026-05-09,JWO,news,news,뉴스,8,32,847
2026-05-09,JWO,video_post,video_post,영상·게시글,31,112,1128
2026-05-09,JWO,comment,comment,댓글,0,63,780
2026-05-09,JWO,community_x,community_x,커뮤니티/X,8,9,475
2026-05-09,OSH,news,news,뉴스,4,18,483
2026-05-09,OSH,video_post,video_post,영상·게시글,19,69,691
2026-05-09,OSH,comment,comment,댓글,0,35,442
2026-05-09,OSH,community_x,community_x,커뮤니티/X,5,5,299
2026-05-10,JWO,news,news,뉴스,16,62,1638
2026-05-10,JWO,video_post,video_post,영상·게시글,67,241,2416
2026-05-10,JWO,comment,comment,댓글,0,124,1542
2026-05-10,JWO,community_x,community_x,커뮤니티/X,17,18,987
2026-05-10,OSH,news,news,뉴스,30,116,3059
2026-05-10,OSH,video_post,video_post,영상·게시글,121,437,4378
2026-05-10,OSH,comment,comment,댓글,0,243,3005
2026-05-10,OSH,community_x,community_x,커뮤니티/X,29,32,1680
2026-05-10,JWO,news,news,뉴스,6,24,648
2026-05-10,JWO,video_post,video_post,영상·게시글,27,97,980
2026-05-10,JWO,comment,comment,댓글,0,52,645
2026-05-10,JWO,community_x,community_x,커뮤니티/X,7,7,413
2026-05-10,OSH,news,news,뉴스,12,47,1236
2026-05-10,OSH,video_post,video_post,영상·게시글,54,195,1956
2026-05-10,OSH,comment,comment,댓글,0,92,1143
2026-05-10,OSH,community_x,community_x,커뮤니티/X,12,13,708
2026-05-10,JWO,news,news,뉴스,8,31,820
2026-05-10,JWO,video_post,video_post,영상·게시글,33,121,1220
2026-05-10,JWO,comment,comment,댓글,0,67,833
2026-05-10,JWO,community_x,community_x,커뮤니티/X,8,9,495
2026-05-10,OSH,news,news,뉴스,16,62,1646
2026-05-10,OSH,video_post,video_post,영상·게시글,74,266,2667
2026-05-10,OSH,comment,comment,댓글,0,138,1712
2026-05-10,OSH,community_x,community_x,커뮤니티/X,17,18,976
2026-05-10,JWO,news,news,뉴스,7,27,730
2026-05-10,JWO,video_post,video_post,영상·게시글,29,105,1051
2026-05-10,JWO,comment,comment,댓글,0,50,625
2026-05-10,JWO,community_x,community_x,커뮤니티/X,7,7,406
2026-05-10,OSH,news,news,뉴스,9,35,933
2026-05-10,OSH,video_post,video_post,영상·게시글,37,136,1366
2026-05-10,OSH,comment,comment,댓글,0,72,896
2026-05-10,OSH,community_x,community_x,커뮤니티/X,10,11,615
2026-05-10,JWO,news,news,뉴스,6,25,667
2026-05-10,JWO,video_post,video_post,영상·게시글,27,100,1000
2026-05-10,JWO,comment,comment,댓글,0,50,624
2026-05-10,JWO,community_x,community_x,커뮤니티/X,6,7,389
2026-05-10,OSH,news,news,뉴스,12,47,1243
2026-05-10,OSH,video_post,video_post,영상·게시글,53,193,1938
2026-05-10,OSH,comment,comment,댓글,0,96,1197
2026-05-10,OSH,community_x,community_x,커뮤니티/X,14,15,799
2026-05-10,JWO,news,news,뉴스,9,35,928
2026-05-10,JWO,video_post,video_post,영상·게시글,38,139,1392
2026-05-10,JWO,comment,comment,댓글,0,83,1032
2026-05-10,JWO,community_x,community_x,커뮤니티/X,10,10,574
2026-05-10,OSH,news,news,뉴스,8,32,844
2026-05-10,OSH,video_post,video_post,영상·게시글,32,118,1185
2026-05-10,OSH,comment,comment,댓글,0,63,788
2026-05-10,OSH,community_x,community_x,커뮤니티/X,9,10,543
2026-05-10,JWO,news,news,뉴스,9,37,975
2026-05-10,JWO,video_post,video_post,영상·게시글,38,139,1393
2026-05-10,JWO,comment,comment,댓글,0,86,1069
2026-05-10,JWO,community_x,community_x,커뮤니티/X,9,10,555
2026-05-10,OSH,news,news,뉴스,7,28,756
2026-05-10,OSH,video_post,video_post,영상·게시글,29,105,1059
2026-05-10,OSH,comment,comment,댓글,0,53,658
2026-05-10,OSH,community_x,community_x,커뮤니티/X,7,8,439
2026-05-10,JWO,news,news,뉴스,8,32,847
2026-05-10,JWO,video_post,video_post,영상·게시글,36,130,1305
2026-05-10,JWO,comment,comment,댓글,0,70,873
2026-05-10,JWO,community_x,community_x,커뮤니티/X,10,10,568
2026-05-10,OSH,news,news,뉴스,4,16,427
2026-05-10,OSH,video_post,video_post,영상·게시글,16,60,600
2026-05-10,OSH,comment,comment,댓글,0,36,445
2026-05-10,OSH,community_x,community_x,커뮤니티/X,4,5,272
2026-05-11,JWO,news,news,뉴스,10,40,1053
2026-05-11,JWO,video_post,video_post,영상·게시글,39,142,1421
2026-05-11,JWO,comment,comment,댓글,0,80,991
2026-05-11,JWO,community_x,community_x,커뮤니티/X,10,11,604
2026-05-11,OSH,news,news,뉴스,17,67,1760
2026-05-11,OSH,video_post,video_post,영상·게시글,72,259,2599
2026-05-11,OSH,comment,comment,댓글,0,131,1625
2026-05-11,OSH,community_x,community_x,커뮤니티/X,17,18,987
2026-05-11,JWO,news,news,뉴스,6,26,696
2026-05-11,JWO,video_post,video_post,영상·게시글,29,107,1073
2026-05-11,JWO,comment,comment,댓글,0,54,672
2026-05-11,JWO,community_x,community_x,커뮤니티/X,8,8,454
2026-05-11,OSH,news,news,뉴스,12,48,1260
2026-05-11,OSH,video_post,video_post,영상·게시글,52,190,1900
2026-05-11,OSH,comment,comment,댓글,0,98,1217
2026-05-11,OSH,community_x,community_x,커뮤니티/X,12,13,729
2026-05-11,JWO,news,news,뉴스,5,19,520
2026-05-11,JWO,video_post,video_post,영상·게시글,20,73,733
2026-05-11,JWO,comment,comment,댓글,0,35,444
2026-05-11,JWO,community_x,community_x,커뮤니티/X,5,5,286
2026-05-11,OSH,news,news,뉴스,9,34,906
2026-05-11,OSH,video_post,video_post,영상·게시글,41,150,1506
2026-05-11,OSH,comment,comment,댓글,0,77,960
2026-05-11,OSH,community_x,community_x,커뮤니티/X,10,10,574
2026-05-11,JWO,news,news,뉴스,6,26,697
2026-05-11,JWO,video_post,video_post,영상·게시글,28,101,1020
2026-05-11,JWO,comment,comment,댓글,0,56,700
2026-05-11,JWO,community_x,community_x,커뮤니티/X,7,7,401
2026-05-11,OSH,news,news,뉴스,11,42,1117
2026-05-11,OSH,video_post,video_post,영상·게시글,41,148,1486
2026-05-11,OSH,comment,comment,댓글,0,79,986
2026-05-11,OSH,community_x,community_x,커뮤니티/X,10,11,604
2026-05-11,JWO,news,news,뉴스,4,17,459
2026-05-11,JWO,video_post,video_post,영상·게시글,20,72,723
2026-05-11,JWO,comment,comment,댓글,0,38,471
2026-05-11,JWO,community_x,community_x,커뮤니티/X,5,5,306
2026-05-11,OSH,news,news,뉴스,6,25,678
2026-05-11,OSH,video_post,video_post,영상·게시글,27,99,999
2026-05-11,OSH,comment,comment,댓글,0,49,617
2026-05-11,OSH,community_x,community_x,커뮤니티/X,6,7,374
2026-05-11,JWO,news,news,뉴스,10,41,1088
2026-05-11,JWO,video_post,video_post,영상·게시글,41,150,1503
2026-05-11,JWO,comment,comment,댓글,0,95,1176
2026-05-11,JWO,community_x,community_x,커뮤니티/X,11,11,629
2026-05-11,OSH,news,news,뉴스,7,29,769
2026-05-11,OSH,video_post,video_post,영상·게시글,33,120,1203
2026-05-11,OSH,comment,comment,댓글,0,67,839
2026-05-11,OSH,community_x,community_x,커뮤니티/X,8,9,493
2026-05-11,JWO,news,news,뉴스,10,39,1048
2026-05-11,JWO,video_post,video_post,영상·게시글,39,141,1419
2026-05-11,JWO,comment,comment,댓글,0,80,997
2026-05-11,JWO,community_x,community_x,커뮤니티/X,10,11,608
2026-05-11,OSH,news,news,뉴스,7,30,790
2026-05-11,OSH,video_post,video_post,영상·게시글,30,109,1098
2026-05-11,OSH,comment,comment,댓글,0,62,776
2026-05-11,OSH,community_x,community_x,커뮤니티/X,8,8,470
2026-05-11,JWO,news,news,뉴스,7,28,744
2026-05-11,JWO,video_post,video_post,영상·게시글,31,113,1136
2026-05-11,JWO,comment,comment,댓글,0,65,814
2026-05-11,JWO,community_x,community_x,커뮤니티/X,7,8,437
2026-05-11,OSH,news,news,뉴스,5,19,510
2026-05-11,OSH,video_post,video_post,영상·게시글,19,71,712
2026-05-11,OSH,comment,comment,댓글,0,38,470
2026-05-11,OSH,community_x,community_x,커뮤니티/X,5,5,297
