date,issue,source,source_label,candidate,reaction_count,reaction_score,content_count,comment_count
2026-04-12,GTX,comment,댓글,오세훈,767,49.3,0,62
2026-04-12,GTX,comment,댓글,정원오,432,48.6,0,34
2026-04-12,GTX,community_x,커뮤니티/X,오세훈,500,50.8,8,9
2026-04-12,GTX,community_x,커뮤니티/X,정원오,307,47.5,5,5
2026-04-12,GTX,news,뉴스,오세훈,737,52.1,7,28
2026-04-12,GTX,news,뉴스,정원오,440,50.2,4,16
2026-04-12,GTX,video_post,영상·게시글,오세훈,1398,50.9,38,139
2026-04-12,GTX,video_post,영상·게시글,정원오,671,48.3,18,67
2026-04-12,교통,comment,댓글,오세훈,1566,50.9,0,126
2026-04-12,교통,comment,댓글,정원오,912,49.2,0,73
2026-04-12,교통,community_x,커뮤니티/X,오세훈,950,50.1,16,18
2026-04-12,교통,community_x,커뮤니티/X,정원오,590,47.7,10,11
2026-04-12,교통,news,뉴스,오세훈,1503,54.1,15,57
2026-04-12,교통,news,뉴스,정원오,952,48.2,9,36
2026-04-12,교통,video_post,영상·게시글,오세훈,2408,54.7,66,240
2026-04-12,교통,video_post,영상·게시글,정원오,1452,48.8,40,145
2026-04-12,도시개발,comment,댓글,오세훈,754,52.8,0,61
2026-04-12,도시개발,comment,댓글,정원오,597,52.2,0,48
2026-04-12,도시개발,community_x,커뮤니티/X,오세훈,457,49.7,8,8
2026-04-12,도시개발,community_x,커뮤니티/X,정원오,348,48.6,6,6
2026-04-12,도시개발,news,뉴스,오세훈,782,51.9,7,29
2026-04-12,도시개발,news,뉴스,정원오,606,49.2,6,23
2026-04-12,도시개발,video_post,영상·게시글,오세훈,1138,53.4,31,113
2026-04-12,도시개발,video_post,영상·게시글,정원오,883,49.1,24,88
2026-04-12,재개발,comment,댓글,오세훈,713,48.9,0,57
2026-04-12,재개발,comment,댓글,정원오,1009,52.3,0,81
2026-04-12,재개발,community_x,커뮤니티/X,오세훈,395,50.7,7,7
2026-04-12,재개발,community_x,커뮤니티/X,정원오,531,49.6,9,10
2026-04-12,재개발,news,뉴스,오세훈,688,46.7,6,26
2026-04-12,재개발,news,뉴스,정원오,969,48.5,9,36
2026-04-12,재개발,video_post,영상·게시글,오세훈,1068,51.7,29,106
2026-04-12,재개발,video_post,영상·게시글,정원오,1318,49.7,36,131
2026-04-12,주거,comment,댓글,오세훈,571,47.2,0,46
2026-04-12,주거,comment,댓글,정원오,973,48.8,0,78
2026-04-12,주거,community_x,커뮤니티/X,오세훈,366,49.3,6,6
2026-04-12,주거,community_x,커뮤니티/X,정원오,528,48.2,9,10
2026-04-12,주거,news,뉴스,오세훈,612,49.8,6,23
2026-04-12,주거,news,뉴스,정원오,856,49.7,8,32
2026-04-12,주거,video_post,영상·게시글,오세훈,827,50.8,22,82
2026-04-12,주거,video_post,영상·게시글,정원오,1290,48.1,35,128
2026-04-12,지하화,comment,댓글,오세훈,635,49.8,0,51
2026-04-12,지하화,comment,댓글,정원오,425,48.3,0,34
2026-04-12,지하화,community_x,커뮤니티/X,오세훈,388,48.3,6,7
2026-04-12,지하화,community_x,커뮤니티/X,정원오,253,46.4,4,4
2026-04-12,지하화,news,뉴스,오세훈,676,50.7,6,25
2026-04-12,지하화,news,뉴스,정원오,420,49.1,4,16
2026-04-12,지하화,video_post,영상·게시글,오세훈,925,49.4,25,92
2026-04-12,지하화,video_post,영상·게시글,정원오,572,47.7,15,57
2026-04-12,청년정책,comment,댓글,오세훈,456,46.4,0,36
2026-04-12,청년정책,comment,댓글,정원오,819,49.2,0,66
2026-04-12,청년정책,community_x,커뮤니티/X,오세훈,279,49.1,4,5
2026-04-12,청년정책,community_x,커뮤니티/X,정원오,480,45.9,8,9
2026-04-12,청년정책,news,뉴스,오세훈,449,51.9,4,17
2026-04-12,청년정책,news,뉴스,정원오,719,50.3,7,27
2026-04-12,청년정책,video_post,영상·게시글,오세훈,674,50.5,18,67
2026-04-12,청년정책,video_post,영상·게시글,정원오,1182,52.5,32,118
2026-04-12,한강,comment,댓글,오세훈,893,49.2,0,72
2026-04-12,한강,comment,댓글,정원오,663,48.5,0,53
2026-04-12,한강,community_x,커뮤니티/X,오세훈,550,46.6,9,10
2026-04-12,한강,community_x,커뮤니티/X,정원오,426,49.4,7,8
2026-04-12,한강,news,뉴스,오세훈,936,49.6,9,35
2026-04-12,한강,news,뉴스,정원오,707,48.1,7,26
2026-04-12,한강,video_post,영상·게시글,오세훈,1508,52.7,41,150
2026-04-12,한강,video_post,영상·게시글,정원오,969,47.0,26,96
2026-04-13,GTX,comment,댓글,오세훈,840,51.5,0,68
2026-04-13,GTX,comment,댓글,정원오,503,48.1,0,40
2026-04-13,GTX,community_x,커뮤니티/X,오세훈,518,48.7,9,9
2026-04-13,GTX,community_x,커뮤니티/X,정원오,306,48.1,5,5
2026-04-13,GTX,news,뉴스,오세훈,855,50.8,8,32
2026-04-13,GTX,news,뉴스,정원오,491,48.0,4,18
2026-04-13,GTX,video_post,영상·게시글,오세훈,1448,51.1,40,144
2026-04-13,GTX,video_post,영상·게시글,정원오,670,50.3,18,66
2026-04-13,교통,comment,댓글,오세훈,1260,50.9,0,102
2026-04-13,교통,comment,댓글,정원오,937,50.7,0,75
2026-04-13,교통,community_x,커뮤니티/X,오세훈,764,53.7,13,14
2026-04-13,교통,community_x,커뮤니티/X,정원오,624,50.0,11,11
2026-04-13,교통,news,뉴스,오세훈,1207,52.2,12,45
2026-04-13,교통,news,뉴스,정원오,1043,49.5,10,39
2026-04-13,교통,video_post,영상·게시글,오세훈,2000,55.0,55,200
2026-04-13,교통,video_post,영상·게시글,정원오,1487,50.6,41,148
2026-04-13,도시개발,comment,댓글,오세훈,869,48.6,0,70
2026-04-13,도시개발,comment,댓글,정원오,624,50.4,0,50
2026-04-13,도시개발,community_x,커뮤니티/X,오세훈,504,48.8,8,9
2026-04-13,도시개발,community_x,커뮤니티/X,정원오,375,49.4,6,7
2026-04-13,도시개발,news,뉴스,오세훈,884,51.6,8,33
2026-04-13,도시개발,news,뉴스,정원오,622,48.1,6,23
2026-04-13,도시개발,video_post,영상·게시글,오세훈,1183,52.3,32,118
2026-04-13,도시개발,video_post,영상·게시글,정원오,951,48.1,26,95
2026-04-13,재개발,comment,댓글,오세훈,669,49.3,0,54
2026-04-13,재개발,comment,댓글,정원오,1118,51.3,0,90
2026-04-13,재개발,community_x,커뮤니티/X,오세훈,423,50.4,7,8
2026-04-13,재개발,community_x,커뮤니티/X,정원오,625,47.3,11,11
2026-04-13,재개발,news,뉴스,오세훈,721,49.8,7,27
2026-04-13,재개발,news,뉴스,정원오,1089,52.1,10,41
2026-04-13,재개발,video_post,영상·게시글,오세훈,1018,50.1,28,101
2026-04-13,재개발,video_post,영상·게시글,정원오,1518,49.5,42,151
2026-04-13,주거,comment,댓글,오세훈,644,49.2,0,52
2026-04-13,주거,comment,댓글,정원오,928,50.8,0,75
2026-04-13,주거,community_x,커뮤니티/X,오세훈,396,49.6,7,7
2026-04-13,주거,community_x,커뮤니티/X,정원오,556,49.4,9,10
2026-04-13,주거,news,뉴스,오세훈,628,48.0,6,23
2026-04-13,주거,news,뉴스,정원오,971,47.2,9,36
2026-04-13,주거,video_post,영상·게시글,오세훈,878,49.6,24,87
2026-04-13,주거,video_post,영상·게시글,정원오,1270,50.4,35,126
2026-04-13,지하화,comment,댓글,오세훈,642,49.1,0,51
2026-04-13,지하화,comment,댓글,정원오,420,46.4,0,34
2026-04-13,지하화,community_x,커뮤니티/X,오세훈,448,48.2,7,8
2026-04-13,지하화,community_x,커뮤니티/X,정원오,253,48.5,4,4
2026-04-13,지하화,news,뉴스,오세훈,675,48.4,6,25
2026-04-13,지하화,news,뉴스,정원오,394,50.4,3,15
2026-04-13,지하화,video_post,영상·게시글,오세훈,1006,51.4,27,100
2026-04-13,지하화,video_post,영상·게시글,정원오,629,46.5,17,62
2026-04-13,청년정책,comment,댓글,오세훈,449,46.9,0,36
2026-04-13,청년정책,comment,댓글,정원오,731,51.4,0,59
2026-04-13,청년정책,community_x,커뮤니티/X,오세훈,251,47.4,4,4
2026-04-13,청년정책,community_x,커뮤니티/X,정원오,438,47.3,7,8
2026-04-13,청년정책,news,뉴스,오세훈,463,48.0,4,17
2026-04-13,청년정책,news,뉴스,정원오,728,49.1,7,27
2026-04-13,청년정책,video_post,영상·게시글,오세훈,733,48.5,20,73
2026-04-13,청년정책,video_post,영상·게시글,정원오,986,50.8,27,98
2026-04-13,한강,comment,댓글,오세훈,1007,47.5,0,81
2026-04-13,한강,comment,댓글,정원오,567,49.3,0,45
2026-04-13,한강,community_x,커뮤니티/X,오세훈,598,47.9,10,11
2026-04-13,한강,community_x,커뮤니티/X,정원오,390,48.0,6,7
2026-04-13,한강,news,뉴스,오세훈,886,48.1,8,33
2026-04-13,한강,news,뉴스,정원오,605,50.2,6,23
2026-04-13,한강,video_post,영상·게시글,오세훈,1509,50.4,41,150
2026-04-13,한강,video_post,영상·게시글,정원오,856,51.2,23,85
2026-04-14,GTX,comment,댓글,오세훈,840,51.3,0,68
2026-04-14,GTX,comment,댓글,정원오,536,48.1,0,43
2026-04-14,GTX,community_x,커뮤니티/X,오세훈,490,47.3,8,9
2026-04-14,GTX,community_x,커뮤니티/X,정원오,330,47.9,5,6
2026-04-14,GTX,news,뉴스,오세훈,845,47.7,8,32
2026-04-14,GTX,news,뉴스,정원오,542,49.1,5,20
2026-04-14,GTX,video_post,영상·게시글,오세훈,1364,55.2,37,136
2026-04-14,GTX,video_post,영상·게시글,정원오,753,51.8,20,75
2026-04-14,교통,comment,댓글,오세훈,1331,51.2,0,107
2026-04-14,교통,comment,댓글,정원오,1096,49.2,0,88
2026-04-14,교통,community_x,커뮤니티/X,오세훈,844,52.1,15,16
2026-04-14,교통,community_x,커뮤니티/X,정원오,702,48.3,12,13
2026-04-14,교통,news,뉴스,오세훈,1507,53.0,15,57
2026-04-14,교통,news,뉴스,정원오,1132,47.7,11,43
2026-04-14,교통,video_post,영상·게시글,오세훈,2456,55.9,68,245
2026-04-14,교통,video_post,영상·게시글,정원오,1543,50.8,42,154
2026-04-14,도시개발,comment,댓글,오세훈,953,48.3,0,77
2026-04-14,도시개발,comment,댓글,정원오,555,52.1,0,44
2026-04-14,도시개발,community_x,커뮤니티/X,오세훈,607,48.2,10,11
2026-04-14,도시개발,community_x,커뮤니티/X,정원오,341,47.7,6,6
2026-04-14,도시개발,news,뉴스,오세훈,934,49.7,9,35
2026-04-14,도시개발,news,뉴스,정원오,630,47.7,6,24
2026-04-14,도시개발,video_post,영상·게시글,오세훈,1340,49.7,37,133
2026-04-14,도시개발,video_post,영상·게시글,정원오,933,51.0,25,93
2026-04-14,재개발,comment,댓글,오세훈,789,48.3,0,63
2026-04-14,재개발,comment,댓글,정원오,1173,50.8,0,94
2026-04-14,재개발,community_x,커뮤니티/X,오세훈,504,47.3,8,9
2026-04-14,재개발,community_x,커뮤니티/X,정원오,589,51.7,10,11
2026-04-14,재개발,news,뉴스,오세훈,810,50.0,8,30
2026-04-14,재개발,news,뉴스,정원오,1084,49.3,10,41
2026-04-14,재개발,video_post,영상·게시글,오세훈,1029,50.2,28,102
2026-04-14,재개발,video_post,영상·게시글,정원오,1417,52.6,39,141
2026-04-14,주거,comment,댓글,오세훈,690,48.9,0,55
2026-04-14,주거,comment,댓글,정원오,1108,49.6,0,89
2026-04-14,주거,community_x,커뮤니티/X,오세훈,407,48.6,7,7
2026-04-14,주거,community_x,커뮤니티/X,정원오,564,47.5,10,10
2026-04-14,주거,news,뉴스,오세훈,705,47.8,7,26
2026-04-14,주거,news,뉴스,정원오,1018,50.3,10,38
2026-04-14,주거,video_post,영상·게시글,오세훈,1061,48.2,29,106
2026-04-14,주거,video_post,영상·게시글,정원오,1455,50.0,40,145
2026-04-14,지하화,comment,댓글,오세훈,736,49.2,0,59
2026-04-14,지하화,comment,댓글,정원오,448,48.1,0,36
2026-04-14,지하화,community_x,커뮤니티/X,오세훈,424,47.0,7,8
2026-04-14,지하화,community_x,커뮤니티/X,정원오,317,49.0,5,6
2026-04-14,지하화,news,뉴스,오세훈,686,50.2,6,26
2026-04-14,지하화,news,뉴스,정원오,479,49.1,4,18
2026-04-14,지하화,video_post,영상·게시글,오세훈,1041,49.3,28,104
2026-04-14,지하화,video_post,영상·게시글,정원오,627,48.3,17,62
2026-04-14,청년정책,comment,댓글,오세훈,435,47.6,0,35
2026-04-14,청년정책,comment,댓글,정원오,756,49.2,0,61
2026-04-14,청년정책,community_x,커뮤니티/X,오세훈,316,48.5,5,6
2026-04-14,청년정책,community_x,커뮤니티/X,정원오,497,46.9,8,9
2026-04-14,청년정책,news,뉴스,오세훈,454,49.8,4,17
2026-04-14,청년정책,news,뉴스,정원오,795,47.3,7,30
2026-04-14,청년정책,video_post,영상·게시글,오세훈,670,48.3,18,66
2026-04-14,청년정책,video_post,영상·게시글,정원오,1107,53.3,30,110
2026-04-14,한강,comment,댓글,오세훈,1148,49.0,0,92
2026-04-14,한강,comment,댓글,정원오,719,47.2,0,58
2026-04-14,한강,community_x,커뮤니티/X,오세훈,693,47.9,12,13
2026-04-14,한강,community_x,커뮤니티/X,정원오,434,50.8,7,8
2026-04-14,한강,news,뉴스,오세훈,1184,52.0,11,45
2026-04-14,한강,news,뉴스,정원오,745,50.2,7,28
2026-04-14,한강,video_post,영상·게시글,오세훈,2051,53.2,56,205
2026-04-14,한강,video_post,영상·게시글,정원오,1073,50.8,29,107
2026-04-15,GTX,comment,댓글,오세훈,924,49.5,0,74
2026-04-15,GTX,comment,댓글,정원오,525,51.2,0,42
2026-04-15,GTX,community_x,커뮤니티/X,오세훈,534,44.6,9,10
2026-04-15,GTX,community_x,커뮤니티/X,정원오,285,50.4,5,5
2026-04-15,GTX,news,뉴스,오세훈,964,51.3,9,36
2026-04-15,GTX,news,뉴스,정원오,565,51.5,5,21
2026-04-15,GTX,video_post,영상·게시글,오세훈,1510,54.3,41,150
2026-04-15,GTX,video_post,영상·게시글,정원오,694,48.2,19,69
2026-04-15,교통,comment,댓글,오세훈,1386,54.2,0,112
2026-04-15,교통,comment,댓글,정원오,1166,54.6,0,94
2026-04-15,교통,community_x,커뮤니티/X,오세훈,913,49.3,16,17
2026-04-15,교통,community_x,커뮤니티/X,정원오,726,50.0,12,13
2026-04-15,교통,news,뉴스,오세훈,1581,51.5,15,60
2026-04-15,교통,news,뉴스,정원오,1199,50.4,11,45
2026-04-15,교통,video_post,영상·게시글,오세훈,2274,53.7,63,227
2026-04-15,교통,video_post,영상·게시글,정원오,1876,53.0,52,187
2026-04-15,도시개발,comment,댓글,오세훈,973,50.2,0,78
2026-04-15,도시개발,comment,댓글,정원오,680,49.5,0,55
2026-04-15,도시개발,community_x,커뮤니티/X,오세훈,592,46.9,10,11
2026-04-15,도시개발,community_x,커뮤니티/X,정원오,407,48.7,7,7
2026-04-15,도시개발,news,뉴스,오세훈,967,50.0,9,36
2026-04-15,도시개발,news,뉴스,정원오,697,50.5,6,26
2026-04-15,도시개발,video_post,영상·게시글,오세훈,1456,47.9,40,145
2026-04-15,도시개발,video_post,영상·게시글,정원오,1076,49.3,29,107
2026-04-15,재개발,comment,댓글,오세훈,687,49.7,0,55
2026-04-15,재개발,comment,댓글,정원오,1231,50.5,0,99
2026-04-15,재개발,community_x,커뮤니티/X,오세훈,485,53.1,8,9
2026-04-15,재개발,community_x,커뮤니티/X,정원오,709,51.1,12,13
2026-04-15,재개발,news,뉴스,오세훈,779,46.1,7,29
2026-04-15,재개발,news,뉴스,정원오,1172,52.0,11,44
2026-04-15,재개발,video_post,영상·게시글,오세훈,1043,50.1,28,104
2026-04-15,재개발,video_post,영상·게시글,정원오,1726,53.5,47,172
2026-04-15,주거,comment,댓글,오세훈,626,48.3,0,50
2026-04-15,주거,comment,댓글,정원오,1354,54.4,0,109
2026-04-15,주거,community_x,커뮤니티/X,오세훈,403,47.0,7,7
2026-04-15,주거,community_x,커뮤니티/X,정원오,767,48.1,13,14
2026-04-15,주거,news,뉴스,오세훈,695,46.5,6,26
2026-04-15,주거,news,뉴스,정원오,1182,51.2,11,45
2026-04-15,주거,video_post,영상·게시글,오세훈,960,52.4,26,96
2026-04-15,주거,video_post,영상·게시글,정원오,1554,52.6,43,155
2026-04-15,지하화,comment,댓글,오세훈,653,49.0,0,52
2026-04-15,지하화,comment,댓글,정원오,396,49.9,0,32
2026-04-15,지하화,community_x,커뮤니티/X,오세훈,393,47.2,6,7
2026-04-15,지하화,community_x,커뮤니티/X,정원오,279,48.4,4,5
2026-04-15,지하화,news,뉴스,오세훈,718,49.8,7,27
2026-04-15,지하화,news,뉴스,정원오,494,46.2,4,18
2026-04-15,지하화,video_post,영상·게시글,오세훈,965,48.6,26,96
2026-04-15,지하화,video_post,영상·게시글,정원오,646,48.6,17,64
2026-04-15,청년정책,comment,댓글,오세훈,439,48.0,0,35
2026-04-15,청년정책,comment,댓글,정원오,769,50.0,0,62
2026-04-15,청년정책,community_x,커뮤니티/X,오세훈,276,46.3,4,5
2026-04-15,청년정책,community_x,커뮤니티/X,정원오,485,47.6,8,9
2026-04-15,청년정책,news,뉴스,오세훈,489,51.2,4,18
2026-04-15,청년정책,news,뉴스,정원오,770,48.9,7,29
2026-04-15,청년정책,video_post,영상·게시글,오세훈,707,50.4,19,70
2026-04-15,청년정책,video_post,영상·게시글,정원오,1100,50.5,30,110
2026-04-15,한강,comment,댓글,오세훈,1116,49.2,0,90
2026-04-15,한강,comment,댓글,정원오,657,49.5,0,53
2026-04-15,한강,community_x,커뮤니티/X,오세훈,675,48.3,12,12
2026-04-15,한강,community_x,커뮤니티/X,정원오,409,49.5,7,7
2026-04-15,한강,news,뉴스,오세훈,1171,47.5,11,44
2026-04-15,한강,news,뉴스,정원오,712,51.2,7,27
2026-04-15,한강,video_post,영상·게시글,오세훈,1735,53.7,48,173
2026-04-15,한강,video_post,영상·게시글,정원오,1035,49.4,28,103
2026-04-16,GTX,comment,댓글,오세훈,870,47.0,0,70
2026-04-16,GTX,comment,댓글,정원오,430,47.7,0,34
2026-04-16,GTX,community_x,커뮤니티/X,오세훈,550,48.1,9,10
2026-04-16,GTX,community_x,커뮤니티/X,정원오,258,46.7,4,4
2026-04-16,GTX,news,뉴스,오세훈,906,48.3,9,34
2026-04-16,GTX,news,뉴스,정원오,520,47.9,5,19
2026-04-16,GTX,video_post,영상·게시글,오세훈,1455,51.1,40,145
2026-04-16,GTX,video_post,영상·게시글,정원오,653,49.0,18,65
2026-04-16,교통,comment,댓글,오세훈,1578,53.7,0,127
2026-04-16,교통,comment,댓글,정원오,1037,48.4,0,83
2026-04-16,교통,community_x,커뮤니티/X,오세훈,971,50.9,17,18
2026-04-16,교통,community_x,커뮤니티/X,정원오,582,50.0,10,11
2026-04-16,교통,news,뉴스,오세훈,1648,51.7,16,62
2026-04-16,교통,news,뉴스,정원오,1143,50.6,11,43
2026-04-16,교통,video_post,영상·게시글,오세훈,2190,52.2,60,218
2026-04-16,교통,video_post,영상·게시글,정원오,1423,50.9,39,142
2026-04-16,도시개발,comment,댓글,오세훈,774,48.4,0,62
2026-04-16,도시개발,comment,댓글,정원오,640,50.8,0,51
2026-04-16,도시개발,community_x,커뮤니티/X,오세훈,555,48.6,9,10
2026-04-16,도시개발,community_x,커뮤니티/X,정원오,419,44.6,7,7
2026-04-16,도시개발,news,뉴스,오세훈,858,52.0,8,32
2026-04-16,도시개발,news,뉴스,정원오,700,48.3,7,26
2026-04-16,도시개발,video_post,영상·게시글,오세훈,1254,49.6,34,125
2026-04-16,도시개발,video_post,영상·게시글,정원오,1000,52.4,27,100
2026-04-16,재개발,comment,댓글,오세훈,774,50.6,0,62
2026-04-16,재개발,comment,댓글,정원오,1126,51.4,0,91
2026-04-16,재개발,community_x,커뮤니티/X,오세훈,491,48.5,8,9
2026-04-16,재개발,community_x,커뮤니티/X,정원오,626,47.2,11,11
2026-04-16,재개발,news,뉴스,오세훈,849,48.9,8,32
2026-04-16,재개발,news,뉴스,정원오,1126,49.4,11,42
2026-04-16,재개발,video_post,영상·게시글,오세훈,1135,50.7,31,113
2026-04-16,재개발,video_post,영상·게시글,정원오,1582,53.2,43,158
2026-04-16,주거,comment,댓글,오세훈,706,50.3,0,57
2026-04-16,주거,comment,댓글,정원오,1125,50.7,0,91
2026-04-16,주거,community_x,커뮤니티/X,오세훈,430,44.7,7,8
2026-04-16,주거,community_x,커뮤니티/X,정원오,621,50.9,11,11
2026-04-16,주거,news,뉴스,오세훈,697,48.5,6,26
2026-04-16,주거,news,뉴스,정원오,1026,48.5,10,39
2026-04-16,주거,video_post,영상·게시글,오세훈,1065,53.1,29,106
2026-04-16,주거,video_post,영상·게시글,정원오,1530,53.1,42,153
2026-04-16,지하화,comment,댓글,오세훈,715,50.4,0,57
2026-04-16,지하화,comment,댓글,정원오,463,48.0,0,37
2026-04-16,지하화,community_x,커뮤니티/X,오세훈,403,46.3,7,7
2026-04-16,지하화,community_x,커뮤니티/X,정원오,284,50.2,5,5
2026-04-16,지하화,news,뉴스,오세훈,697,49.5,6,26
2026-04-16,지하화,news,뉴스,정원오,464,49.3,4,17
2026-04-16,지하화,video_post,영상·게시글,오세훈,1037,50.6,28,103
2026-04-16,지하화,video_post,영상·게시글,정원오,719,48.9,19,71
2026-04-16,청년정책,comment,댓글,오세훈,494,49.4,0,39
2026-04-16,청년정책,comment,댓글,정원오,907,49.4,0,73
2026-04-16,청년정책,community_x,커뮤니티/X,오세훈,308,51.4,5,5
2026-04-16,청년정책,community_x,커뮤니티/X,정원오,458,44.9,8,8
2026-04-16,청년정책,news,뉴스,오세훈,494,47.4,4,18
2026-04-16,청년정책,news,뉴스,정원오,877,49.7,8,33
2026-04-16,청년정책,video_post,영상·게시글,오세훈,717,51.8,19,71
2026-04-16,청년정책,video_post,영상·게시글,정원오,1161,49.7,32,116
2026-04-16,한강,comment,댓글,오세훈,1149,53.5,0,93
2026-04-16,한강,comment,댓글,정원오,628,49.3,0,50
2026-04-16,한강,community_x,커뮤니티/X,오세훈,643,48.9,11,12
2026-04-16,한강,community_x,커뮤니티/X,정원오,407,47.5,7,7
2026-04-16,한강,news,뉴스,오세훈,1114,53.4,11,42
2026-04-16,한강,news,뉴스,정원오,721,48.6,7,27
2026-04-16,한강,video_post,영상·게시글,오세훈,1797,49.3,49,179
2026-04-16,한강,video_post,영상·게시글,정원오,1021,52.0,28,102
2026-04-17,GTX,comment,댓글,오세훈,914,47.6,0,73
2026-04-17,GTX,comment,댓글,정원오,500,48.4,0,40
2026-04-17,GTX,community_x,커뮤니티/X,오세훈,536,48.1,9,10
2026-04-17,GTX,community_x,커뮤니티/X,정원오,336,49.1,5,6
2026-04-17,GTX,news,뉴스,오세훈,905,53.3,9,34
2026-04-17,GTX,news,뉴스,정원오,514,49.9,5,19
2026-04-17,GTX,video_post,영상·게시글,오세훈,1523,54.3,42,152
2026-04-17,GTX,video_post,영상·게시글,정원오,795,48.8,22,79
2026-04-17,교통,comment,댓글,오세훈,1518,52.0,0,122
2026-04-17,교통,comment,댓글,정원오,1042,49.5,0,84
2026-04-17,교통,community_x,커뮤니티/X,오세훈,878,49.9,15,16
2026-04-17,교통,community_x,커뮤니티/X,정원오,627,50.3,11,11
2026-04-17,교통,news,뉴스,오세훈,1517,53.3,15,57
2026-04-17,교통,news,뉴스,정원오,1119,52.4,11,42
2026-04-17,교통,video_post,영상·게시글,오세훈,2345,55.6,65,234
2026-04-17,교통,video_post,영상·게시글,정원오,1537,52.8,42,153
2026-04-17,도시개발,comment,댓글,오세훈,847,50.7,0,68
2026-04-17,도시개발,comment,댓글,정원오,651,49.6,0,52
2026-04-17,도시개발,community_x,커뮤니티/X,오세훈,533,50.1,9,10
2026-04-17,도시개발,community_x,커뮤니티/X,정원오,448,46.4,7,8
2026-04-17,도시개발,news,뉴스,오세훈,874,47.2,8,33
2026-04-17,도시개발,news,뉴스,정원오,778,49.8,7,29
2026-04-17,도시개발,video_post,영상·게시글,오세훈,1317,48.9,36,131
2026-04-17,도시개발,video_post,영상·게시글,정원오,1087,50.5,30,108
2026-04-17,재개발,comment,댓글,오세훈,791,50.5,0,64
2026-04-17,재개발,comment,댓글,정원오,1343,48.8,0,108
2026-04-17,재개발,community_x,커뮤니티/X,오세훈,459,46.7,8,8
2026-04-17,재개발,community_x,커뮤니티/X,정원오,764,51.3,13,14
2026-04-17,재개발,news,뉴스,오세훈,820,47.1,8,31
2026-04-17,재개발,news,뉴스,정원오,1130,51.0,11,43
2026-04-17,재개발,video_post,영상·게시글,오세훈,1165,51.8,32,116
2026-04-17,재개발,video_post,영상·게시글,정원오,1841,54.5,51,184
2026-04-17,주거,comment,댓글,오세훈,690,48.9,0,55
2026-04-17,주거,comment,댓글,정원오,1213,51.4,0,98
2026-04-17,주거,community_x,커뮤니티/X,오세훈,446,48.6,7,8
2026-04-17,주거,community_x,커뮤니티/X,정원오,608,47.5,10,11
2026-04-17,주거,news,뉴스,오세훈,739,51.3,7,28
2026-04-17,주거,news,뉴스,정원오,1157,50.6,11,44
2026-04-17,주거,video_post,영상·게시글,오세훈,1057,51.9,29,105
2026-04-17,주거,video_post,영상·게시글,정원오,1623,52.7,45,162
2026-04-17,지하화,comment,댓글,오세훈,590,50.1,0,47
2026-04-17,지하화,comment,댓글,정원오,426,47.9,0,34
2026-04-17,지하화,community_x,커뮤니티/X,오세훈,367,50.8,6,6
2026-04-17,지하화,community_x,커뮤니티/X,정원오,268,45.9,4,5
2026-04-17,지하화,news,뉴스,오세훈,593,47.7,5,22
2026-04-17,지하화,news,뉴스,정원오,402,48.1,4,15
2026-04-17,지하화,video_post,영상·게시글,오세훈,986,49.9,27,98
2026-04-17,지하화,video_post,영상·게시글,정원오,636,51.0,17,63
2026-04-17,청년정책,comment,댓글,오세훈,482,49.5,0,39
2026-04-17,청년정책,comment,댓글,정원오,815,48.2,0,65
2026-04-17,청년정책,community_x,커뮤니티/X,오세훈,278,48.6,4,5
2026-04-17,청년정책,community_x,커뮤니티/X,정원오,465,48.6,8,8
2026-04-17,청년정책,news,뉴스,오세훈,510,49.3,5,19
2026-04-17,청년정책,news,뉴스,정원오,801,48.4,8,30
2026-04-17,청년정책,video_post,영상·게시글,오세훈,653,49.0,18,65
2026-04-17,청년정책,video_post,영상·게시글,정원오,1089,49.2,30,108
2026-04-17,한강,comment,댓글,오세훈,1066,53.6,0,86
2026-04-17,한강,comment,댓글,정원오,792,48.7,0,64
2026-04-17,한강,community_x,커뮤니티/X,오세훈,682,51.0,12,12
2026-04-17,한강,community_x,커뮤니티/X,정원오,485,47.7,8,9
2026-04-17,한강,news,뉴스,오세훈,1135,50.6,11,43
2026-04-17,한강,news,뉴스,정원오,886,52.1,8,33
2026-04-17,한강,video_post,영상·게시글,오세훈,1851,53.4,51,185
2026-04-17,한강,video_post,영상·게시글,정원오,1219,51.0,33,121
2026-04-18,GTX,comment,댓글,오세훈,799,50.4,0,64
2026-04-18,GTX,comment,댓글,정원오,515,48.0,0,41
2026-04-18,GTX,community_x,커뮤니티/X,오세훈,551,52.7,9,10
2026-04-18,GTX,community_x,커뮤니티/X,정원오,304,46.8,5,5
2026-04-18,GTX,news,뉴스,오세훈,868,50.4,8,33
2026-04-18,GTX,news,뉴스,정원오,539,48.4,5,20
2026-04-18,GTX,video_post,영상·게시글,오세훈,1416,50.1,39,141
2026-04-18,GTX,video_post,영상·게시글,정원오,847,48.5,23,84
2026-04-18,교통,comment,댓글,오세훈,1460,49.5,0,118
2026-04-18,교통,comment,댓글,정원오,1122,50.8,0,90
2026-04-18,교통,community_x,커뮤니티/X,오세훈,991,47.8,17,18
2026-04-18,교통,community_x,커뮤니티/X,정원오,723,48.2,12,13
2026-04-18,교통,news,뉴스,오세훈,1441,54.2,14,54
2026-04-18,교통,news,뉴스,정원오,1139,50.6,11,43
2026-04-18,교통,video_post,영상·게시글,오세훈,2512,54.7,69,251
2026-04-18,교통,video_post,영상·게시글,정원오,1594,52.6,44,159
2026-04-18,도시개발,comment,댓글,오세훈,833,49.8,0,67
2026-04-18,도시개발,comment,댓글,정원오,599,47.0,0,48
2026-04-18,도시개발,community_x,커뮤니티/X,오세훈,515,49.3,9,9
2026-04-18,도시개발,community_x,커뮤니티/X,정원오,376,46.7,6,7
2026-04-18,도시개발,news,뉴스,오세훈,908,49.4,9,34
2026-04-18,도시개발,news,뉴스,정원오,612,48.8,6,23
2026-04-18,도시개발,video_post,영상·게시글,오세훈,1355,53.6,37,135
2026-04-18,도시개발,video_post,영상·게시글,정원오,895,51.7,24,89
2026-04-18,재개발,comment,댓글,오세훈,903,50.5,0,73
2026-04-18,재개발,comment,댓글,정원오,1185,48.3,0,95
2026-04-18,재개발,community_x,커뮤니티/X,오세훈,522,49.8,9,9
2026-04-18,재개발,community_x,커뮤니티/X,정원오,613,52.0,10,11
2026-04-18,재개발,news,뉴스,오세훈,819,50.6,8,31
2026-04-18,재개발,news,뉴스,정원오,1032,48.6,10,39
2026-04-18,재개발,video_post,영상·게시글,오세훈,1274,50.7,35,127
2026-04-18,재개발,video_post,영상·게시글,정원오,1370,51.4,38,137
2026-04-18,주거,comment,댓글,오세훈,743,52.5,0,60
2026-04-18,주거,comment,댓글,정원오,1174,54.9,0,95
2026-04-18,주거,community_x,커뮤니티/X,오세훈,451,47.8,8,8
2026-04-18,주거,community_x,커뮤니티/X,정원오,664,49.8,11,12
2026-04-18,주거,news,뉴스,오세훈,728,49.6,7,27
2026-04-18,주거,news,뉴스,정원오,1165,52.0,11,44
2026-04-18,주거,video_post,영상·게시글,오세훈,1070,49.9,29,106
2026-04-18,주거,video_post,영상·게시글,정원오,1565,53.4,43,156
2026-04-18,지하화,comment,댓글,오세훈,793,50.2,0,64
2026-04-18,지하화,comment,댓글,정원오,476,48.7,0,38
2026-04-18,지하화,community_x,커뮤니티/X,오세훈,475,49.9,8,9
2026-04-18,지하화,community_x,커뮤니티/X,정원오,287,47.3,5,5
2026-04-18,지하화,news,뉴스,오세훈,769,49.8,7,29
2026-04-18,지하화,news,뉴스,정원오,444,48.2,4,16
2026-04-18,지하화,video_post,영상·게시글,오세훈,1130,49.4,31,112
2026-04-18,지하화,video_post,영상·게시글,정원오,690,50.0,19,69
2026-04-18,청년정책,comment,댓글,오세훈,544,47.4,0,44
2026-04-18,청년정책,comment,댓글,정원오,825,44.8,0,66
2026-04-18,청년정책,community_x,커뮤니티/X,오세훈,312,50.9,5,5
2026-04-18,청년정책,community_x,커뮤니티/X,정원오,417,48.0,7,7
2026-04-18,청년정책,news,뉴스,오세훈,551,46.6,5,20
2026-04-18,청년정책,news,뉴스,정원오,794,50.2,7,30
2026-04-18,청년정책,video_post,영상·게시글,오세훈,728,50.6,20,72
2026-04-18,청년정책,video_post,영상·게시글,정원오,1085,52.8,30,108
2026-04-18,한강,comment,댓글,오세훈,1037,49.8,0,83
2026-04-18,한강,comment,댓글,정원오,704,48.9,0,56
2026-04-18,한강,community_x,커뮤니티/X,오세훈,680,49.1,12,12
2026-04-18,한강,community_x,커뮤니티/X,정원오,437,49.0,7,8
2026-04-18,한강,news,뉴스,오세훈,1114,48.4,11,42
2026-04-18,한강,news,뉴스,정원오,836,52.5,8,31
2026-04-18,한강,video_post,영상·게시글,오세훈,1805,50.8,50,180
2026-04-18,한강,video_post,영상·게시글,정원오,1079,52.1,29,107
2026-04-19,GTX,comment,댓글,오세훈,899,52.8,0,72
2026-04-19,GTX,comment,댓글,정원오,495,49.0,0,40
2026-04-19,GTX,community_x,커뮤니티/X,오세훈,534,48.4,9,10
2026-04-19,GTX,community_x,커뮤니티/X,정원오,295,48.6,5,5
2026-04-19,GTX,news,뉴스,오세훈,856,52.1,8,32
2026-04-19,GTX,news,뉴스,정원오,465,47.2,4,17
2026-04-19,GTX,video_post,영상·게시글,오세훈,1319,52.6,36,131
2026-04-19,GTX,video_post,영상·게시글,정원오,716,48.0,19,71
2026-04-19,교통,comment,댓글,오세훈,1186,52.9,0,96
2026-04-19,교통,comment,댓글,정원오,952,50.9,0,77
2026-04-19,교통,community_x,커뮤니티/X,오세훈,773,49.3,13,14
2026-04-19,교통,community_x,커뮤니티/X,정원오,614,49.0,10,11
2026-04-19,교통,news,뉴스,오세훈,1423,52.1,14,54
2026-04-19,교통,news,뉴스,정원오,1009,50.0,10,38
2026-04-19,교통,video_post,영상·게시글,오세훈,2014,53.5,55,201
2026-04-19,교통,video_post,영상·게시글,정원오,1559,53.5,43,155
2026-04-19,도시개발,comment,댓글,오세훈,879,49.9,0,71
2026-04-19,도시개발,comment,댓글,정원오,613,47.6,0,49
2026-04-19,도시개발,community_x,커뮤니티/X,오세훈,546,47.1,9,10
2026-04-19,도시개발,community_x,커뮤니티/X,정원오,354,51.0,6,6
2026-04-19,도시개발,news,뉴스,오세훈,823,47.8,8,31
2026-04-19,도시개발,news,뉴스,정원오,624,47.6,6,23
2026-04-19,도시개발,video_post,영상·게시글,오세훈,1374,51.1,38,137
2026-04-19,도시개발,video_post,영상·게시글,정원오,972,48.2,27,97
2026-04-19,재개발,comment,댓글,오세훈,781,49.3,0,63
2026-04-19,재개발,comment,댓글,정원오,1152,49.3,0,93
2026-04-19,재개발,community_x,커뮤니티/X,오세훈,456,51.4,8,8
2026-04-19,재개발,community_x,커뮤니티/X,정원오,713,50.7,12,13
2026-04-19,재개발,news,뉴스,오세훈,731,48.2,7,27
2026-04-19,재개발,news,뉴스,정원오,1090,51.5,10,41
2026-04-19,재개발,video_post,영상·게시글,오세훈,1152,48.4,32,115
2026-04-19,재개발,video_post,영상·게시글,정원오,1538,51.9,42,153
2026-04-19,주거,comment,댓글,오세훈,705,48.2,0,57
2026-04-19,주거,comment,댓글,정원오,1009,49.5,0,81
2026-04-19,주거,community_x,커뮤니티/X,오세훈,424,46.9,7,8
2026-04-19,주거,community_x,커뮤니티/X,정원오,597,47.7,10,11
2026-04-19,주거,news,뉴스,오세훈,660,50.6,6,25
2026-04-19,주거,news,뉴스,정원오,968,51.0,9,36
2026-04-19,주거,video_post,영상·게시글,오세훈,1086,49.7,30,108
2026-04-19,주거,video_post,영상·게시글,정원오,1474,53.6,40,147
2026-04-19,지하화,comment,댓글,오세훈,667,44.6,0,53
2026-04-19,지하화,comment,댓글,정원오,432,51.1,0,34
2026-04-19,지하화,community_x,커뮤니티/X,오세훈,430,50.2,7,8
2026-04-19,지하화,community_x,커뮤니티/X,정원오,280,47.3,4,5
2026-04-19,지하화,news,뉴스,오세훈,746,48.8,7,28
2026-04-19,지하화,news,뉴스,정원오,459,50.1,4,17
2026-04-19,지하화,video_post,영상·게시글,오세훈,1043,47.8,28,104
2026-04-19,지하화,video_post,영상·게시글,정원오,637,45.8,17,63
2026-04-19,청년정책,comment,댓글,오세훈,459,49.0,0,37
2026-04-19,청년정책,comment,댓글,정원오,810,50.9,0,65
2026-04-19,청년정책,community_x,커뮤니티/X,오세훈,288,50.1,5,5
2026-04-19,청년정책,community_x,커뮤니티/X,정원오,518,50.5,9,9
2026-04-19,청년정책,news,뉴스,오세훈,465,49.1,4,17
2026-04-19,청년정책,news,뉴스,정원오,896,47.6,8,34
2026-04-19,청년정책,video_post,영상·게시글,오세훈,722,51.3,20,72
2026-04-19,청년정책,video_post,영상·게시글,정원오,1158,47.9,32,115
2026-04-19,한강,comment,댓글,오세훈,1031,50.2,0,83
2026-04-19,한강,comment,댓글,정원오,691,48.5,0,55
2026-04-19,한강,community_x,커뮤니티/X,오세훈,654,48.3,11,12
2026-04-19,한강,community_x,커뮤니티/X,정원오,446,48.4,7,8
2026-04-19,한강,news,뉴스,오세훈,1062,47.9,10,40
2026-04-19,한강,news,뉴스,정원오,716,51.3,7,27
2026-04-19,한강,video_post,영상·게시글,오세훈,1656,48.6,46,165
2026-04-19,한강,video_post,영상·게시글,정원오,1066,50.1,29,106
2026-04-20,GTX,comment,댓글,오세훈,820,48.2,0,66
2026-04-20,GTX,comment,댓글,정원오,421,49.2,0,34
2026-04-20,GTX,community_x,커뮤니티/X,오세훈,511,48.2,9,9
2026-04-20,GTX,community_x,커뮤니티/X,정원오,269,46.3,4,5
2026-04-20,GTX,news,뉴스,오세훈,860,52.2,8,32
2026-04-20,GTX,news,뉴스,정원오,464,48.2,4,17
2026-04-20,GTX,video_post,영상·게시글,오세훈,1367,55.5,37,136
2026-04-20,GTX,video_post,영상·게시글,정원오,631,47.8,17,63
2026-04-20,교통,comment,댓글,오세훈,1552,51.7,0,125
2026-04-20,교통,comment,댓글,정원오,969,49.8,0,78
2026-04-20,교통,community_x,커뮤니티/X,오세훈,960,53.0,17,18
2026-04-20,교통,community_x,커뮤니티/X,정원오,536,47.5,9,10
2026-04-20,교통,news,뉴스,오세훈,1551,50.1,15,59
2026-04-20,교통,news,뉴스,정원오,1003,50.7,10,38
2026-04-20,교통,video_post,영상·게시글,오세훈,2549,54.6,70,254
2026-04-20,교통,video_post,영상·게시글,정원오,1416,50.7,39,141
2026-04-20,도시개발,comment,댓글,오세훈,797,50.0,0,64
2026-04-20,도시개발,comment,댓글,정원오,629,49.0,0,50
2026-04-20,도시개발,community_x,커뮤니티/X,오세훈,477,49.1,8,9
2026-04-20,도시개발,community_x,커뮤니티/X,정원오,353,49.7,6,6
2026-04-20,도시개발,news,뉴스,오세훈,851,49.3,8,32
2026-04-20,도시개발,news,뉴스,정원오,655,48.0,6,24
2026-04-20,도시개발,video_post,영상·게시글,오세훈,1206,54.0,33,120
2026-04-20,도시개발,video_post,영상·게시글,정원오,858,47.2,23,85
2026-04-20,재개발,comment,댓글,오세훈,751,50.8,0,60
2026-04-20,재개발,comment,댓글,정원오,1000,52.2,0,80
2026-04-20,재개발,community_x,커뮤니티/X,오세훈,484,47.7,8,9
2026-04-20,재개발,community_x,커뮤니티/X,정원오,559,46.5,9,10
2026-04-20,재개발,news,뉴스,오세훈,760,52.0,7,28
2026-04-20,재개발,news,뉴스,정원오,968,49.4,9,36
2026-04-20,재개발,video_post,영상·게시글,오세훈,1078,51.6,29,107
2026-04-20,재개발,video_post,영상·게시글,정원오,1334,53.7,37,133
2026-04-20,주거,comment,댓글,오세훈,618,49.7,0,50
2026-04-20,주거,comment,댓글,정원오,902,48.8,0,73
2026-04-20,주거,community_x,커뮤니티/X,오세훈,407,46.0,7,7
2026-04-20,주거,community_x,커뮤니티/X,정원오,557,48.3,9,10
2026-04-20,주거,news,뉴스,오세훈,707,47.0,7,26
2026-04-20,주거,news,뉴스,정원오,1019,50.5,10,38
2026-04-20,주거,video_post,영상·게시글,오세훈,998,48.0,27,99
2026-04-20,주거,video_post,영상·게시글,정원오,1364,49.5,37,136
2026-04-20,지하화,comment,댓글,오세훈,580,51.9,0,46
2026-04-20,지하화,comment,댓글,정원오,388,46.2,0,31
2026-04-20,지하화,community_x,커뮤니티/X,오세훈,357,48.2,6,6
2026-04-20,지하화,community_x,커뮤니티/X,정원오,250,45.6,4,4
2026-04-20,지하화,news,뉴스,오세훈,607,49.4,6,23
2026-04-20,지하화,news,뉴스,정원오,414,45.5,4,15
2026-04-20,지하화,video_post,영상·게시글,오세훈,888,49.1,24,88
2026-04-20,지하화,video_post,영상·게시글,정원오,615,50.6,17,61
2026-04-20,청년정책,comment,댓글,오세훈,426,47.9,0,34
2026-04-20,청년정책,comment,댓글,정원오,776,50.9,0,62
2026-04-20,청년정책,community_x,커뮤니티/X,오세훈,280,48.1,4,5
2026-04-20,청년정책,community_x,커뮤니티/X,정원오,459,49.3,8,8
2026-04-20,청년정책,news,뉴스,오세훈,460,49.9,4,17
2026-04-20,청년정책,news,뉴스,정원오,866,49.3,8,32
2026-04-20,청년정책,video_post,영상·게시글,오세훈,657,49.6,18,65
2026-04-20,청년정책,video_post,영상·게시글,정원오,1173,50.3,32,117
2026-04-20,한강,comment,댓글,오세훈,1023,52.0,0,82
2026-04-20,한강,comment,댓글,정원오,602,46.8,0,48
2026-04-20,한강,community_x,커뮤니티/X,오세훈,640,46.6,11,12
2026-04-20,한강,community_x,커뮤니티/X,정원오,362,46.6,6,6
2026-04-20,한강,news,뉴스,오세훈,1149,50.7,11,43
2026-04-20,한강,news,뉴스,정원오,623,50.6,6,23
2026-04-20,한강,video_post,영상·게시글,오세훈,1797,50.8,49,179
2026-04-20,한강,video_post,영상·게시글,정원오,955,52.3,26,95
2026-04-21,GTX,comment,댓글,오세훈,879,50.2,0,71
2026-04-21,GTX,comment,댓글,정원오,460,48.8,0,37
2026-04-21,GTX,community_x,커뮤니티/X,오세훈,503,48.0,8,9
2026-04-21,GTX,community_x,커뮤니티/X,정원오,288,50.8,5,5
2026-04-21,GTX,news,뉴스,오세훈,803,49.1,8,30
2026-04-21,GTX,news,뉴스,정원오,500,47.5,5,19
2026-04-21,GTX,video_post,영상·게시글,오세훈,1416,52.1,39,141
2026-04-21,GTX,video_post,영상·게시글,정원오,659,48.5,18,65
2026-04-21,교통,comment,댓글,오세훈,1512,51.1,0,122
2026-04-21,교통,comment,댓글,정원오,1074,49.2,0,86
2026-04-21,교통,community_x,커뮤니티/X,오세훈,962,49.9,17,18
2026-04-21,교통,community_x,커뮤니티/X,정원오,617,49.0,10,11
2026-04-21,교통,news,뉴스,오세훈,1546,51.4,15,58
2026-04-21,교통,news,뉴스,정원오,1111,49.8,11,42
2026-04-21,교통,video_post,영상·게시글,오세훈,2406,56.2,66,240
2026-04-21,교통,video_post,영상·게시글,정원오,1501,50.5,41,150
2026-04-21,도시개발,comment,댓글,오세훈,801,49.3,0,64
2026-04-21,도시개발,comment,댓글,정원오,583,48.4,0,47
2026-04-21,도시개발,community_x,커뮤니티/X,오세훈,461,49.4,8,8
2026-04-21,도시개발,community_x,커뮤니티/X,정원오,351,46.0,6,6
2026-04-21,도시개발,news,뉴스,오세훈,811,49.0,8,30
2026-04-21,도시개발,news,뉴스,정원오,608,49.4,6,23
2026-04-21,도시개발,video_post,영상·게시글,오세훈,1134,51.1,31,113
2026-04-21,도시개발,video_post,영상·게시글,정원오,893,50.7,24,89
2026-04-21,재개발,comment,댓글,오세훈,711,48.7,0,57
2026-04-21,재개발,comment,댓글,정원오,989,48.7,0,80
2026-04-21,재개발,community_x,커뮤니티/X,오세훈,447,44.5,7,8
2026-04-21,재개발,community_x,커뮤니티/X,정원오,592,47.7,10,11
2026-04-21,재개발,news,뉴스,오세훈,773,47.3,7,29
2026-04-21,재개발,news,뉴스,정원오,949,46.4,9,36
2026-04-21,재개발,video_post,영상·게시글,오세훈,1033,52.1,28,103
2026-04-21,재개발,video_post,영상·게시글,정원오,1338,49.6,37,133
2026-04-21,주거,comment,댓글,오세훈,603,50.1,0,48
2026-04-21,주거,comment,댓글,정원오,1066,51.2,0,86
2026-04-21,주거,community_x,커뮤니티/X,오세훈,400,46.5,7,7
2026-04-21,주거,community_x,커뮤니티/X,정원오,542,50.8,9,10
2026-04-21,주거,news,뉴스,오세훈,615,50.5,6,23
2026-04-21,주거,news,뉴스,정원오,1021,47.3,10,38
2026-04-21,주거,video_post,영상·게시글,오세훈,883,47.3,24,88
2026-04-21,주거,video_post,영상·게시글,정원오,1403,50.7,38,140
2026-04-21,지하화,comment,댓글,오세훈,654,47.8,0,52
2026-04-21,지하화,comment,댓글,정원오,346,48.6,0,28
2026-04-21,지하화,community_x,커뮤니티/X,오세훈,419,45.8,7,7
2026-04-21,지하화,community_x,커뮤니티/X,정원오,248,47.7,4,4
2026-04-21,지하화,news,뉴스,오세훈,700,48.1,7,26
2026-04-21,지하화,news,뉴스,정원오,378,49.1,3,14
2026-04-21,지하화,video_post,영상·게시글,오세훈,980,51.2,27,97
2026-04-21,지하화,video_post,영상·게시글,정원오,544,48.5,15,54
2026-04-21,청년정책,comment,댓글,오세훈,408,49.1,0,33
2026-04-21,청년정책,comment,댓글,정원오,771,49.5,0,62
2026-04-21,청년정책,community_x,커뮤니티/X,오세훈,251,46.9,4,4
2026-04-21,청년정책,community_x,커뮤니티/X,정원오,444,47.7,7,8
2026-04-21,청년정책,news,뉴스,오세훈,422,47.3,4,16
2026-04-21,청년정책,news,뉴스,정원오,736,48.8,7,28
2026-04-21,청년정책,video_post,영상·게시글,오세훈,657,47.4,18,65
2026-04-21,청년정책,video_post,영상·게시글,정원오,1014,51.9,28,101
2026-04-21,한강,comment,댓글,오세훈,988,48.4,0,79
2026-04-21,한강,comment,댓글,정원오,678,50.8,0,54
2026-04-21,한강,community_x,커뮤니티/X,오세훈,618,50.7,10,11
2026-04-21,한강,community_x,커뮤니티/X,정원오,425,49.1,7,8
2026-04-21,한강,news,뉴스,오세훈,1086,54.8,10,41
2026-04-21,한강,news,뉴스,정원오,708,52.0,7,26
2026-04-21,한강,video_post,영상·게시글,오세훈,1597,52.8,44,159
2026-04-21,한강,video_post,영상·게시글,정원오,1038,50.4,28,103
2026-04-22,GTX,comment,댓글,오세훈,765,49.3,0,61
2026-04-22,GTX,comment,댓글,정원오,414,47.2,0,33
2026-04-22,GTX,community_x,커뮤니티/X,오세훈,503,47.4,8,9
2026-04-22,GTX,community_x,커뮤니티/X,정원오,277,49.6,4,5
2026-04-22,GTX,news,뉴스,오세훈,851,49.0,8,32
2026-04-22,GTX,news,뉴스,정원오,470,53.0,4,17
2026-04-22,GTX,video_post,영상·게시글,오세훈,1325,50.3,36,132
2026-04-22,GTX,video_post,영상·게시글,정원오,723,48.3,20,72
2026-04-22,교통,comment,댓글,오세훈,1231,54.5,0,99
2026-04-22,교통,comment,댓글,정원오,1075,48.7,0,87
2026-04-22,교통,community_x,커뮤니티/X,오세훈,814,49.8,14,15
2026-04-22,교통,community_x,커뮤니티/X,정원오,654,49.1,11,12
2026-04-22,교통,news,뉴스,오세훈,1465,50.1,14,55
2026-04-22,교통,news,뉴스,정원오,1054,50.3,10,40
2026-04-22,교통,video_post,영상·게시글,오세훈,2276,54.5,63,227
2026-04-22,교통,video_post,영상·게시글,정원오,1521,49.7,42,152
2026-04-22,도시개발,comment,댓글,오세훈,690,49.7,0,55
2026-04-22,도시개발,comment,댓글,정원오,528,46.2,0,42
2026-04-22,도시개발,community_x,커뮤니티/X,오세훈,435,47.5,7,8
2026-04-22,도시개발,community_x,커뮤니티/X,정원오,347,46.7,6,6
2026-04-22,도시개발,news,뉴스,오세훈,717,47.7,7,27
2026-04-22,도시개발,news,뉴스,정원오,575,46.3,5,21
2026-04-22,도시개발,video_post,영상·게시글,오세훈,1038,51.2,28,103
2026-04-22,도시개발,video_post,영상·게시글,정원오,757,50.5,21,75
2026-04-22,재개발,comment,댓글,오세훈,666,50.9,0,53
2026-04-22,재개발,comment,댓글,정원오,909,50.0,0,73
2026-04-22,재개발,community_x,커뮤니티/X,오세훈,414,47.9,7,7
2026-04-22,재개발,community_x,커뮤니티/X,정원오,628,48.4,11,11
2026-04-22,재개발,news,뉴스,오세훈,663,50.6,6,25
2026-04-22,재개발,news,뉴스,정원오,1106,51.2,11,42
2026-04-22,재개발,video_post,영상·게시글,오세훈,996,50.0,27,99
2026-04-22,재개발,video_post,영상·게시글,정원오,1488,49.5,41,148
2026-04-22,주거,comment,댓글,오세훈,611,46.9,0,49
2026-04-22,주거,comment,댓글,정원오,856,49.2,0,69
2026-04-22,주거,community_x,커뮤니티/X,오세훈,351,47.0,6,6
2026-04-22,주거,community_x,커뮤니티/X,정원오,485,48.7,8,9
2026-04-22,주거,news,뉴스,오세훈,660,49.3,6,25
2026-04-22,주거,news,뉴스,정원오,877,50.2,8,33
2026-04-22,주거,video_post,영상·게시글,오세훈,955,50.8,26,95
2026-04-22,주거,video_post,영상·게시글,정원오,1252,51.6,34,125
2026-04-22,지하화,comment,댓글,오세훈,669,46.0,0,54
2026-04-22,지하화,comment,댓글,정원오,376,48.9,0,30
2026-04-22,지하화,community_x,커뮤니티/X,오세훈,392,46.6,6,7
2026-04-22,지하화,community_x,커뮤니티/X,정원오,260,49.9,4,4
2026-04-22,지하화,news,뉴스,오세훈,677,50.8,6,25
2026-04-22,지하화,news,뉴스,정원오,429,48.8,4,16
2026-04-22,지하화,video_post,영상·게시글,오세훈,1019,52.4,28,101
2026-04-22,지하화,video_post,영상·게시글,정원오,595,47.2,16,59
2026-04-22,청년정책,comment,댓글,오세훈,376,46.3,0,30
2026-04-22,청년정책,comment,댓글,정원오,728,48.5,0,58
2026-04-22,청년정책,community_x,커뮤니티/X,오세훈,236,48.1,4,4
2026-04-22,청년정책,community_x,커뮤니티/X,정원오,437,47.0,7,8
2026-04-22,청년정책,news,뉴스,오세훈,382,48.8,3,14
2026-04-22,청년정책,news,뉴스,정원오,623,49.1,6,23
2026-04-22,청년정책,video_post,영상·게시글,오세훈,576,50.6,16,57
2026-04-22,청년정책,video_post,영상·게시글,정원오,932,49.9,25,93
2026-04-22,한강,comment,댓글,오세훈,920,48.7,0,74
2026-04-22,한강,comment,댓글,정원오,676,48.2,0,54
2026-04-22,한강,community_x,커뮤니티/X,오세훈,564,50.7,10,10
2026-04-22,한강,community_x,커뮤니티/X,정원오,440,49.1,7,8
2026-04-22,한강,news,뉴스,오세훈,1008,49.7,10,38
2026-04-22,한강,news,뉴스,정원오,725,52.4,7,27
2026-04-22,한강,video_post,영상·게시글,오세훈,1554,50.8,43,155
2026-04-22,한강,video_post,영상·게시글,정원오,965,53.4,26,96
2026-04-23,GTX,comment,댓글,오세훈,742,51.6,0,60
2026-04-23,GTX,comment,댓글,정원오,419,47.7,0,33
2026-04-23,GTX,community_x,커뮤니티/X,오세훈,408,51.6,7,7
2026-04-23,GTX,community_x,커뮤니티/X,정원오,285,47.5,5,5
2026-04-23,GTX,news,뉴스,오세훈,781,51.8,7,29
2026-04-23,GTX,news,뉴스,정원오,454,47.4,4,17
2026-04-23,GTX,video_post,영상·게시글,오세훈,1102,50.3,30,110
2026-04-23,GTX,video_post,영상·게시글,정원오,681,45.6,18,68
2026-04-23,교통,comment,댓글,오세훈,1393,50.6,0,112
2026-04-23,교통,comment,댓글,정원오,812,50.7,0,65
2026-04-23,교통,community_x,커뮤니티/X,오세훈,818,50.0,14,15
2026-04-23,교통,community_x,커뮤니티/X,정원오,494,48.3,8,9
2026-04-23,교통,news,뉴스,오세훈,1461,53.5,14,55
2026-04-23,교통,news,뉴스,정원오,951,51.9,9,36
2026-04-23,교통,video_post,영상·게시글,오세훈,2127,53.3,59,212
2026-04-23,교통,video_post,영상·게시글,정원오,1202,51.5,33,120
2026-04-23,도시개발,comment,댓글,오세훈,736,50.0,0,59
2026-04-23,도시개발,comment,댓글,정원오,679,50.8,0,54
2026-04-23,도시개발,community_x,커뮤니티/X,오세훈,526,48.0,9,10
2026-04-23,도시개발,community_x,커뮤니티/X,정원오,426,48.4,7,8
2026-04-23,도시개발,news,뉴스,오세훈,833,50.2,8,31
2026-04-23,도시개발,news,뉴스,정원오,658,50.5,6,25
2026-04-23,도시개발,video_post,영상·게시글,오세훈,1252,48.8,34,125
2026-04-23,도시개발,video_post,영상·게시글,정원오,982,52.0,27,98
2026-04-23,재개발,comment,댓글,오세훈,608,49.5,0,49
2026-04-23,재개발,comment,댓글,정원오,949,51.9,0,76
2026-04-23,재개발,community_x,커뮤니티/X,오세훈,406,49.1,7,7
2026-04-23,재개발,community_x,커뮤니티/X,정원오,562,51.1,9,10
2026-04-23,재개발,news,뉴스,오세훈,698,49.6,6,26
2026-04-23,재개발,news,뉴스,정원오,923,50.3,9,35
2026-04-23,재개발,video_post,영상·게시글,오세훈,938,47.7,26,93
2026-04-23,재개발,video_post,영상·게시글,정원오,1263,49.7,35,126
2026-04-23,주거,comment,댓글,오세훈,652,50.2,0,52
2026-04-23,주거,comment,댓글,정원오,1152,54.4,0,93
2026-04-23,주거,community_x,커뮤니티/X,오세훈,385,48.1,6,7
2026-04-23,주거,community_x,커뮤니티/X,정원오,537,47.6,9,10
2026-04-23,주거,news,뉴스,오세훈,644,50.3,6,24
2026-04-23,주거,news,뉴스,정원오,944,51.6,9,35
2026-04-23,주거,video_post,영상·게시글,오세훈,937,48.6,26,93
2026-04-23,주거,video_post,영상·게시글,정원오,1496,54.5,41,149
2026-04-23,지하화,comment,댓글,오세훈,594,50.7,0,48
2026-04-23,지하화,comment,댓글,정원오,399,49.1,0,32
2026-04-23,지하화,community_x,커뮤니티/X,오세훈,370,47.3,6,7
2026-04-23,지하화,community_x,커뮤니티/X,정원오,249,47.0,4,4
2026-04-23,지하화,news,뉴스,오세훈,610,49.3,6,23
2026-04-23,지하화,news,뉴스,정원오,414,50.4,4,15
2026-04-23,지하화,video_post,영상·게시글,오세훈,916,50.4,25,91
2026-04-23,지하화,video_post,영상·게시글,정원오,632,48.8,17,63
2026-04-23,청년정책,comment,댓글,오세훈,425,50.5,0,34
2026-04-23,청년정책,comment,댓글,정원오,816,50.5,0,66
2026-04-23,청년정책,community_x,커뮤니티/X,오세훈,265,44.9,4,5
2026-04-23,청년정책,community_x,커뮤니티/X,정원오,427,48.6,7,8
2026-04-23,청년정책,news,뉴스,오세훈,442,49.6,4,16
2026-04-23,청년정책,news,뉴스,정원오,687,47.1,6,26
2026-04-23,청년정책,video_post,영상·게시글,오세훈,664,51.1,18,66
2026-04-23,청년정책,video_post,영상·게시글,정원오,886,50.0,24,88
2026-04-23,한강,comment,댓글,오세훈,1022,47.5,0,82
2026-04-23,한강,comment,댓글,정원오,637,46.0,0,51
2026-04-23,한강,community_x,커뮤니티/X,오세훈,654,49.7,11,12
2026-04-23,한강,community_x,커뮤니티/X,정원오,386,45.2,6,7
2026-04-23,한강,news,뉴스,오세훈,1066,47.1,10,40
2026-04-23,한강,news,뉴스,정원오,660,50.2,6,25
2026-04-23,한강,video_post,영상·게시글,오세훈,1784,54.2,49,178
2026-04-23,한강,video_post,영상·게시글,정원오,917,51.1,25,91
2026-04-24,GTX,comment,댓글,오세훈,688,49.0,0,55
2026-04-24,GTX,comment,댓글,정원오,488,48.1,0,39
2026-04-24,GTX,community_x,커뮤니티/X,오세훈,426,47.7,7,8
2026-04-24,GTX,community_x,커뮤니티/X,정원오,298,48.9,5,5
2026-04-24,GTX,news,뉴스,오세훈,695,48.6,6,26
2026-04-24,GTX,news,뉴스,정원오,466,45.5,4,17
2026-04-24,GTX,video_post,영상·게시글,오세훈,1102,50.6,30,110
2026-04-24,GTX,video_post,영상·게시글,정원오,661,45.7,18,66
2026-04-24,교통,comment,댓글,오세훈,1434,52.0,0,116
2026-04-24,교통,comment,댓글,정원오,1091,51.8,0,88
2026-04-24,교통,community_x,커뮤니티/X,오세훈,976,50.2,17,18
2026-04-24,교통,community_x,커뮤니티/X,정원오,670,47.5,11,12
2026-04-24,교통,news,뉴스,오세훈,1721,53.3,17,65
2026-04-24,교통,news,뉴스,정원오,1095,50.8,10,41
2026-04-24,교통,video_post,영상·게시글,오세훈,2166,55.4,60,216
2026-04-24,교통,video_post,영상·게시글,정원오,1546,51.3,42,154
2026-04-24,도시개발,comment,댓글,오세훈,856,48.7,0,69
2026-04-24,도시개발,comment,댓글,정원오,529,48.3,0,42
2026-04-24,도시개발,community_x,커뮤니티/X,오세훈,500,52.9,8,9
2026-04-24,도시개발,community_x,커뮤니티/X,정원오,341,48.0,6,6
2026-04-24,도시개발,news,뉴스,오세훈,876,49.5,8,33
2026-04-24,도시개발,news,뉴스,정원오,589,48.7,5,22
2026-04-24,도시개발,video_post,영상·게시글,오세훈,1236,50.4,34,123
2026-04-24,도시개발,video_post,영상·게시글,정원오,882,50.4,24,88
2026-04-24,재개발,comment,댓글,오세훈,689,50.2,0,55
2026-04-24,재개발,comment,댓글,정원오,1003,49.8,0,81
2026-04-24,재개발,community_x,커뮤니티/X,오세훈,437,49.8,7,8
2026-04-24,재개발,community_x,커뮤니티/X,정원오,527,49.7,9,10
2026-04-24,재개발,news,뉴스,오세훈,688,47.4,6,26
2026-04-24,재개발,news,뉴스,정원오,917,50.1,9,34
2026-04-24,재개발,video_post,영상·게시글,오세훈,999,49.4,27,99
2026-04-24,재개발,video_post,영상·게시글,정원오,1385,51.9,38,138
2026-04-24,주거,comment,댓글,오세훈,584,50.1,0,47
2026-04-24,주거,comment,댓글,정원오,874,49.8,0,70
2026-04-24,주거,community_x,커뮤니티/X,오세훈,373,49.0,6,7
2026-04-24,주거,community_x,커뮤니티/X,정원오,532,50.1,9,10
2026-04-24,주거,news,뉴스,오세훈,652,48.4,6,24
2026-04-24,주거,news,뉴스,정원오,939,50.4,9,35
2026-04-24,주거,video_post,영상·게시글,오세훈,964,48.1,26,96
2026-04-24,주거,video_post,영상·게시글,정원오,1316,54.1,36,131
2026-04-24,지하화,comment,댓글,오세훈,635,49.1,0,51
2026-04-24,지하화,comment,댓글,정원오,370,48.1,0,29
2026-04-24,지하화,community_x,커뮤니티/X,오세훈,387,49.3,6,7
2026-04-24,지하화,community_x,커뮤니티/X,정원오,243,46.4,4,4
2026-04-24,지하화,news,뉴스,오세훈,646,48.8,6,24
2026-04-24,지하화,news,뉴스,정원오,376,47.8,3,14
2026-04-24,지하화,video_post,영상·게시글,오세훈,988,47.4,27,98
2026-04-24,지하화,video_post,영상·게시글,정원오,540,48.9,15,53
2026-04-24,청년정책,comment,댓글,오세훈,434,49.0,0,35
2026-04-24,청년정책,comment,댓글,정원오,798,51.4,0,64
2026-04-24,청년정책,community_x,커뮤니티/X,오세훈,275,50.1,4,5
2026-04-24,청년정책,community_x,커뮤니티/X,정원오,378,49.3,6,7
2026-04-24,청년정책,news,뉴스,오세훈,465,48.2,4,17
2026-04-24,청년정책,news,뉴스,정원오,716,50.0,7,27
2026-04-24,청년정책,video_post,영상·게시글,오세훈,674,46.5,18,67
2026-04-24,청년정책,video_post,영상·게시글,정원오,957,49.5,26,95
2026-04-24,한강,comment,댓글,오세훈,946,49.1,0,76
2026-04-24,한강,comment,댓글,정원오,571,50.5,0,46
2026-04-24,한강,community_x,커뮤니티/X,오세훈,608,51.6,10,11
2026-04-24,한강,community_x,커뮤니티/X,정원오,362,49.1,6,6
2026-04-24,한강,news,뉴스,오세훈,951,52.5,9,36
2026-04-24,한강,news,뉴스,정원오,631,47.0,6,24
2026-04-24,한강,video_post,영상·게시글,오세훈,1549,51.7,43,154
2026-04-24,한강,video_post,영상·게시글,정원오,792,48.4,22,79
2026-04-25,GTX,comment,댓글,오세훈,811,50.1,0,65
2026-04-25,GTX,comment,댓글,정원오,459,46.4,0,37
2026-04-25,GTX,community_x,커뮤니티/X,오세훈,534,47.0,9,10
2026-04-25,GTX,community_x,커뮤니티/X,정원오,271,48.0,4,5
2026-04-25,GTX,news,뉴스,오세훈,840,47.6,8,32
2026-04-25,GTX,news,뉴스,정원오,438,48.5,4,16
2026-04-25,GTX,video_post,영상·게시글,오세훈,1304,53.7,36,130
2026-04-25,GTX,video_post,영상·게시글,정원오,698,46.8,19,69
2026-04-25,교통,comment,댓글,오세훈,1450,52.3,0,117
2026-04-25,교통,comment,댓글,정원오,971,51.1,0,78
2026-04-25,교통,community_x,커뮤니티/X,오세훈,879,47.8,15,16
2026-04-25,교통,community_x,커뮤니티/X,정원오,631,49.4,11,12
2026-04-25,교통,news,뉴스,오세훈,1280,50.4,12,48
2026-04-25,교통,news,뉴스,정원오,1043,50.5,10,39
2026-04-25,교통,video_post,영상·게시글,오세훈,2358,55.7,65,235
2026-04-25,교통,video_post,영상·게시글,정원오,1430,53.4,39,143
2026-04-25,도시개발,comment,댓글,오세훈,776,47.2,0,62
2026-04-25,도시개발,comment,댓글,정원오,549,51.6,0,44
2026-04-25,도시개발,community_x,커뮤니티/X,오세훈,445,50.4,7,8
2026-04-25,도시개발,community_x,커뮤니티/X,정원오,410,51.1,7,7
2026-04-25,도시개발,news,뉴스,오세훈,715,52.5,7,27
2026-04-25,도시개발,news,뉴스,정원오,648,50.8,6,24
2026-04-25,도시개발,video_post,영상·게시글,오세훈,1189,52.8,33,118
2026-04-25,도시개발,video_post,영상·게시글,정원오,970,48.5,26,96
2026-04-25,재개발,comment,댓글,오세훈,713,49.2,0,57
2026-04-25,재개발,comment,댓글,정원오,914,50.6,0,73
2026-04-25,재개발,community_x,커뮤니티/X,오세훈,414,49.7,7,7
2026-04-25,재개발,community_x,커뮤니티/X,정원오,600,46.4,10,11
2026-04-25,재개발,news,뉴스,오세훈,716,46.9,7,27
2026-04-25,재개발,news,뉴스,정원오,865,50.9,8,32
2026-04-25,재개발,video_post,영상·게시글,오세훈,1049,50.0,29,104
2026-04-25,재개발,video_post,영상·게시글,정원오,1268,53.3,35,126
2026-04-25,주거,comment,댓글,오세훈,669,47.2,0,54
2026-04-25,주거,comment,댓글,정원오,1079,51.2,0,87
2026-04-25,주거,community_x,커뮤니티/X,오세훈,390,49.6,6,7
2026-04-25,주거,community_x,커뮤니티/X,정원오,559,48.9,9,10
2026-04-25,주거,news,뉴스,오세훈,624,50.7,6,23
2026-04-25,주거,news,뉴스,정원오,885,55.7,8,33
2026-04-25,주거,video_post,영상·게시글,오세훈,942,51.2,26,94
2026-04-25,주거,video_post,영상·게시글,정원오,1262,52.4,35,126
2026-04-25,지하화,comment,댓글,오세훈,711,49.9,0,57
2026-04-25,지하화,comment,댓글,정원오,488,48.7,0,39
2026-04-25,지하화,community_x,커뮤니티/X,오세훈,384,47.9,6,7
2026-04-25,지하화,community_x,커뮤니티/X,정원오,292,48.9,5,5
2026-04-25,지하화,news,뉴스,오세훈,693,46.7,6,26
2026-04-25,지하화,news,뉴스,정원오,468,48.5,4,17
2026-04-25,지하화,video_post,영상·게시글,오세훈,1040,50.6,28,104
2026-04-25,지하화,video_post,영상·게시글,정원오,676,50.6,18,67
2026-04-25,청년정책,comment,댓글,오세훈,412,50.1,0,33
2026-04-25,청년정책,comment,댓글,정원오,793,49.1,0,64
2026-04-25,청년정책,community_x,커뮤니티/X,오세훈,268,50.1,4,5
2026-04-25,청년정책,community_x,커뮤니티/X,정원오,470,47.6,8,8
2026-04-25,청년정책,news,뉴스,오세훈,401,46.8,4,15
2026-04-25,청년정책,news,뉴스,정원오,776,51.9,7,29
2026-04-25,청년정책,video_post,영상·게시글,오세훈,617,46.8,17,61
2026-04-25,청년정책,video_post,영상·게시글,정원오,1129,50.5,31,112
2026-04-25,한강,comment,댓글,오세훈,1149,47.9,0,93
2026-04-25,한강,comment,댓글,정원오,608,48.3,0,49
2026-04-25,한강,community_x,커뮤니티/X,오세훈,654,51.8,11,12
2026-04-25,한강,community_x,커뮤니티/X,정원오,419,49.2,7,7
2026-04-25,한강,news,뉴스,오세훈,1207,50.0,12,45
2026-04-25,한강,news,뉴스,정원오,672,52.8,6,25
2026-04-25,한강,video_post,영상·게시글,오세훈,1814,53.2,50,181
2026-04-25,한강,video_post,영상·게시글,정원오,957,50.2,26,95
2026-04-26,GTX,comment,댓글,오세훈,833,50.2,0,67
2026-04-26,GTX,comment,댓글,정원오,485,50.3,0,39
2026-04-26,GTX,community_x,커뮤니티/X,오세훈,543,52.1,9,10
2026-04-26,GTX,community_x,커뮤니티/X,정원오,283,47.9,5,5
2026-04-26,GTX,news,뉴스,오세훈,847,51.5,8,32
2026-04-26,GTX,news,뉴스,정원오,478,49.1,4,18
2026-04-26,GTX,video_post,영상·게시글,오세훈,1476,52.9,41,147
2026-04-26,GTX,video_post,영상·게시글,정원오,710,51.7,19,71
2026-04-26,교통,comment,댓글,오세훈,1330,48.2,0,107
2026-04-26,교통,comment,댓글,정원오,975,50.3,0,78
2026-04-26,교통,community_x,커뮤니티/X,오세훈,890,50.0,15,16
2026-04-26,교통,community_x,커뮤니티/X,정원오,654,50.2,11,12
2026-04-26,교통,news,뉴스,오세훈,1403,52.9,14,53
2026-04-26,교통,news,뉴스,정원오,977,48.1,9,37
2026-04-26,교통,video_post,영상·게시글,오세훈,2238,53.4,62,223
2026-04-26,교통,video_post,영상·게시글,정원오,1370,49.5,38,137
2026-04-26,도시개발,comment,댓글,오세훈,913,51.0,0,73
2026-04-26,도시개발,comment,댓글,정원오,553,48.5,0,44
2026-04-26,도시개발,community_x,커뮤니티/X,오세훈,548,48.4,9,10
2026-04-26,도시개발,community_x,커뮤니티/X,정원오,355,47.4,6,6
2026-04-26,도시개발,news,뉴스,오세훈,940,51.6,9,35
2026-04-26,도시개발,news,뉴스,정원오,591,45.6,5,22
2026-04-26,도시개발,video_post,영상·게시글,오세훈,1327,50.7,36,132
2026-04-26,도시개발,video_post,영상·게시글,정원오,831,50.9,23,83
2026-04-26,재개발,comment,댓글,오세훈,737,50.4,0,59
2026-04-26,재개발,comment,댓글,정원오,1220,51.5,0,98
2026-04-26,재개발,community_x,커뮤니티/X,오세훈,459,47.6,8,8
2026-04-26,재개발,community_x,커뮤니티/X,정원오,726,49.4,12,13
2026-04-26,재개발,news,뉴스,오세훈,818,50.3,8,31
2026-04-26,재개발,news,뉴스,정원오,1165,51.8,11,44
2026-04-26,재개발,video_post,영상·게시글,오세훈,1100,51.3,30,110
2026-04-26,재개발,video_post,영상·게시글,정원오,1623,52.8,45,162
2026-04-26,주거,comment,댓글,오세훈,647,49.7,0,52
2026-04-26,주거,comment,댓글,정원오,946,49.6,0,76
2026-04-26,주거,community_x,커뮤니티/X,오세훈,407,48.3,7,7
2026-04-26,주거,community_x,커뮤니티/X,정원오,549,47.3,9,10
2026-04-26,주거,news,뉴스,오세훈,635,48.9,6,24
2026-04-26,주거,news,뉴스,정원오,939,50.0,9,35
2026-04-26,주거,video_post,영상·게시글,오세훈,1101,51.4,30,110
2026-04-26,주거,video_post,영상·게시글,정원오,1270,51.1,35,126
2026-04-26,지하화,comment,댓글,오세훈,684,49.8,0,55
2026-04-26,지하화,comment,댓글,정원오,447,46.0,0,36
2026-04-26,지하화,community_x,커뮤니티/X,오세훈,414,49.7,7,7
2026-04-26,지하화,community_x,커뮤니티/X,정원오,255,47.5,4,4
2026-04-26,지하화,news,뉴스,오세훈,759,46.9,7,28
2026-04-26,지하화,news,뉴스,정원오,416,49.7,4,15
2026-04-26,지하화,video_post,영상·게시글,오세훈,1021,52.5,28,102
2026-04-26,지하화,video_post,영상·게시글,정원오,613,47.2,17,61
2026-04-26,청년정책,comment,댓글,오세훈,399,46.7,0,32
2026-04-26,청년정책,comment,댓글,정원오,790,48.0,0,63
2026-04-26,청년정책,community_x,커뮤니티/X,오세훈,271,49.3,4,5
2026-04-26,청년정책,community_x,커뮤니티/X,정원오,430,49.8,7,8
2026-04-26,청년정책,news,뉴스,오세훈,421,50.2,4,16
2026-04-26,청년정책,news,뉴스,정원오,728,49.8,7,27
2026-04-26,청년정책,video_post,영상·게시글,오세훈,645,49.4,17,64
2026-04-26,청년정책,video_post,영상·게시글,정원오,1088,51.9,30,108
2026-04-26,한강,comment,댓글,오세훈,986,47.2,0,79
2026-04-26,한강,comment,댓글,정원오,648,48.8,0,52
2026-04-26,한강,community_x,커뮤니티/X,오세훈,589,49.2,10,11
2026-04-26,한강,community_x,커뮤니티/X,정원오,450,46.1,8,8
2026-04-26,한강,news,뉴스,오세훈,1138,48.4,11,43
2026-04-26,한강,news,뉴스,정원오,713,51.0,7,27
2026-04-26,한강,video_post,영상·게시글,오세훈,1658,53.8,46,165
2026-04-26,한강,video_post,영상·게시글,정원오,1022,50.4,28,102
2026-04-27,GTX,comment,댓글,오세훈,826,46.4,0,66
2026-04-27,GTX,comment,댓글,정원오,460,49.5,0,37
2026-04-27,GTX,community_x,커뮤니티/X,오세훈,575,50.0,10,10
2026-04-27,GTX,community_x,커뮤니티/X,정원오,316,47.0,5,6
2026-04-27,GTX,news,뉴스,오세훈,918,48.2,9,34
2026-04-27,GTX,news,뉴스,정원오,502,47.6,5,19
2026-04-27,GTX,video_post,영상·게시글,오세훈,1448,52.5,40,144
2026-04-27,GTX,video_post,영상·게시글,정원오,718,51.1,19,71
2026-04-27,교통,comment,댓글,오세훈,1609,52.4,0,130
2026-04-27,교통,comment,댓글,정원오,1080,48.0,0,87
2026-04-27,교통,community_x,커뮤니티/X,오세훈,1011,50.2,17,19
2026-04-27,교통,community_x,커뮤니티/X,정원오,644,51.0,11,12
2026-04-27,교통,news,뉴스,오세훈,1684,51.2,16,64
2026-04-27,교통,news,뉴스,정원오,1087,50.0,10,41
2026-04-27,교통,video_post,영상·게시글,오세훈,2636,55.4,73,263
2026-04-27,교통,video_post,영상·게시글,정원오,1509,48.9,41,150
2026-04-27,도시개발,comment,댓글,오세훈,998,51.4,0,80
2026-04-27,도시개발,comment,댓글,정원오,593,48.3,0,48
2026-04-27,도시개발,community_x,커뮤니티/X,오세훈,565,48.3,10,10
2026-04-27,도시개발,community_x,커뮤니티/X,정원오,400,48.8,7,7
2026-04-27,도시개발,news,뉴스,오세훈,978,48.9,9,37
2026-04-27,도시개발,news,뉴스,정원오,664,50.6,6,25
2026-04-27,도시개발,video_post,영상·게시글,오세훈,1197,48.4,33,119
2026-04-27,도시개발,video_post,영상·게시글,정원오,891,49.6,24,89
2026-04-27,재개발,comment,댓글,오세훈,757,50.5,0,61
2026-04-27,재개발,comment,댓글,정원오,1217,52.1,0,98
2026-04-27,재개발,community_x,커뮤니티/X,오세훈,449,47.0,7,8
2026-04-27,재개발,community_x,커뮤니티/X,정원오,651,49.0,11,12
2026-04-27,재개발,news,뉴스,오세훈,828,46.5,8,31
2026-04-27,재개발,news,뉴스,정원오,1143,51.3,11,43
2026-04-27,재개발,video_post,영상·게시글,오세훈,1057,53.1,29,105
2026-04-27,재개발,video_post,영상·게시글,정원오,1574,52.7,43,157
2026-04-27,주거,comment,댓글,오세훈,683,48.3,0,55
2026-04-27,주거,comment,댓글,정원오,1138,49.1,0,92
2026-04-27,주거,community_x,커뮤니티/X,오세훈,404,47.9,7,7
2026-04-27,주거,community_x,커뮤니티/X,정원오,592,47.6,10,11
2026-04-27,주거,news,뉴스,오세훈,693,51.1,6,26
2026-04-27,주거,news,뉴스,정원오,1070,48.4,10,40
2026-04-27,주거,video_post,영상·게시글,오세훈,1029,51.7,28,102
2026-04-27,주거,video_post,영상·게시글,정원오,1452,49.6,40,145
2026-04-27,지하화,comment,댓글,오세훈,643,46.9,0,52
2026-04-27,지하화,comment,댓글,정원오,453,49.9,0,36
2026-04-27,지하화,community_x,커뮤니티/X,오세훈,432,47.6,7,8
2026-04-27,지하화,community_x,커뮤니티/X,정원오,307,48.6,5,5
2026-04-27,지하화,news,뉴스,오세훈,737,49.3,7,28
2026-04-27,지하화,news,뉴스,정원오,537,49.5,5,20
2026-04-27,지하화,video_post,영상·게시글,오세훈,1085,46.5,30,108
2026-04-27,지하화,video_post,영상·게시글,정원오,753,48.6,20,75
2026-04-27,청년정책,comment,댓글,오세훈,430,48.0,0,34
2026-04-27,청년정책,comment,댓글,정원오,788,50.5,0,63
2026-04-27,청년정책,community_x,커뮤니티/X,오세훈,260,47.7,4,4
2026-04-27,청년정책,community_x,커뮤니티/X,정원오,427,48.7,7,8
2026-04-27,청년정책,news,뉴스,오세훈,424,48.2,4,16
2026-04-27,청년정책,news,뉴스,정원오,682,49.2,6,25
2026-04-27,청년정책,video_post,영상·게시글,오세훈,609,50.9,16,60
2026-04-27,청년정책,video_post,영상·게시글,정원오,1014,49.7,28,101
2026-04-27,한강,comment,댓글,오세훈,1143,50.7,0,92
2026-04-27,한강,comment,댓글,정원오,708,49.9,0,57
2026-04-27,한강,community_x,커뮤니티/X,오세훈,702,49.0,12,13
2026-04-27,한강,community_x,커뮤니티/X,정원오,461,48.6,8,8
2026-04-27,한강,news,뉴스,오세훈,1366,51.8,13,52
2026-04-27,한강,news,뉴스,정원오,747,46.8,7,28
2026-04-27,한강,video_post,영상·게시글,오세훈,1967,55.4,54,196
2026-04-27,한강,video_post,영상·게시글,정원오,1074,52.9,29,107
2026-04-28,GTX,comment,댓글,오세훈,918,49.4,0,74
2026-04-28,GTX,comment,댓글,정원오,503,50.8,0,40
2026-04-28,GTX,community_x,커뮤니티/X,오세훈,573,48.6,10,10
2026-04-28,GTX,community_x,커뮤니티/X,정원오,343,47.7,6,6
2026-04-28,GTX,news,뉴스,오세훈,975,49.9,9,37
2026-04-28,GTX,news,뉴스,정원오,537,48.4,5,20
2026-04-28,GTX,video_post,영상·게시글,오세훈,1496,55.4,41,149
2026-04-28,GTX,video_post,영상·게시글,정원오,700,46.6,19,70
2026-04-28,교통,comment,댓글,오세훈,1616,52.2,0,130
2026-04-28,교통,comment,댓글,정원오,1117,51.5,0,90
2026-04-28,교통,community_x,커뮤니티/X,오세훈,969,49.3,17,18
2026-04-28,교통,community_x,커뮤니티/X,정원오,728,47.9,12,13
2026-04-28,교통,news,뉴스,오세훈,1466,53.1,14,55
2026-04-28,교통,news,뉴스,정원오,1225,52.8,12,46
2026-04-28,교통,video_post,영상·게시글,오세훈,2478,54.4,68,247
2026-04-28,교통,video_post,영상·게시글,정원오,1668,52.1,46,166
2026-04-28,도시개발,comment,댓글,오세훈,876,49.7,0,70
2026-04-28,도시개발,comment,댓글,정원오,819,48.4,0,66
2026-04-28,도시개발,community_x,커뮤니티/X,오세훈,595,49.1,10,11
2026-04-28,도시개발,community_x,커뮤니티/X,정원오,477,50.4,8,9
2026-04-28,도시개발,news,뉴스,오세훈,933,52.3,9,35
2026-04-28,도시개발,news,뉴스,정원오,806,49.8,8,30
2026-04-28,도시개발,video_post,영상·게시글,오세훈,1397,50.9,38,139
2026-04-28,도시개발,video_post,영상·게시글,정원오,1196,51.7,33,119
2026-04-28,재개발,comment,댓글,오세훈,819,51.7,0,66
2026-04-28,재개발,comment,댓글,정원오,1162,47.4,0,94
2026-04-28,재개발,community_x,커뮤니티/X,오세훈,497,48.3,8,9
2026-04-28,재개발,community_x,커뮤니티/X,정원오,660,50.1,11,12
2026-04-28,재개발,news,뉴스,오세훈,919,50.2,9,35
2026-04-28,재개발,news,뉴스,정원오,1069,52.2,10,40
2026-04-28,재개발,video_post,영상·게시글,오세훈,1359,52.5,37,135
2026-04-28,재개발,video_post,영상·게시글,정원오,1604,53.0,44,160
2026-04-28,주거,comment,댓글,오세훈,714,49.3,0,57
2026-04-28,주거,comment,댓글,정원오,1207,51.3,0,97
2026-04-28,주거,community_x,커뮤니티/X,오세훈,444,49.9,7,8
2026-04-28,주거,community_x,커뮤니티/X,정원오,721,52.9,12,13
2026-04-28,주거,news,뉴스,오세훈,753,51.7,7,28
2026-04-28,주거,news,뉴스,정원오,1172,48.8,11,44
2026-04-28,주거,video_post,영상·게시글,오세훈,1019,49.1,28,101
2026-04-28,주거,video_post,영상·게시글,정원오,1703,49.4,47,170
2026-04-28,지하화,comment,댓글,오세훈,594,50.2,0,48
2026-04-28,지하화,comment,댓글,정원오,470,47.0,0,38
2026-04-28,지하화,community_x,커뮤니티/X,오세훈,403,48.6,7,7
2026-04-28,지하화,community_x,커뮤니티/X,정원오,290,48.2,5,5
2026-04-28,지하화,news,뉴스,오세훈,679,47.2,6,25
2026-04-28,지하화,news,뉴스,정원오,493,49.7,4,18
2026-04-28,지하화,video_post,영상·게시글,오세훈,926,49.8,25,92
2026-04-28,지하화,video_post,영상·게시글,정원오,701,47.1,19,70
2026-04-28,청년정책,comment,댓글,오세훈,543,47.5,0,43
2026-04-28,청년정책,comment,댓글,정원오,825,47.9,0,66
2026-04-28,청년정책,community_x,커뮤니티/X,오세훈,300,46.0,5,5
2026-04-28,청년정책,community_x,커뮤니티/X,정원오,498,47.9,8,9
2026-04-28,청년정책,news,뉴스,오세훈,541,48.9,5,20
2026-04-28,청년정책,news,뉴스,정원오,806,49.6,8,30
2026-04-28,청년정책,video_post,영상·게시글,오세훈,752,50.6,20,75
2026-04-28,청년정책,video_post,영상·게시글,정원오,1103,51.2,30,110
2026-04-28,한강,comment,댓글,오세훈,1182,50.1,0,95
2026-04-28,한강,comment,댓글,정원오,816,50.2,0,66
2026-04-28,한강,community_x,커뮤니티/X,오세훈,793,49.9,14,15
2026-04-28,한강,community_x,커뮤니티/X,정원오,448,47.0,7,8
2026-04-28,한강,news,뉴스,오세훈,1255,49.9,12,47
2026-04-28,한강,news,뉴스,정원오,719,48.9,7,27
2026-04-28,한강,video_post,영상·게시글,오세훈,2039,52.1,56,203
2026-04-28,한강,video_post,영상·게시글,정원오,1100,49.9,30,110
2026-04-29,GTX,comment,댓글,오세훈,897,48.7,0,72
2026-04-29,GTX,comment,댓글,정원오,585,48.2,0,47
2026-04-29,GTX,community_x,커뮤니티/X,오세훈,627,51.0,11,11
2026-04-29,GTX,community_x,커뮤니티/X,정원오,345,47.5,6,6
2026-04-29,GTX,news,뉴스,오세훈,1073,47.8,10,40
2026-04-29,GTX,news,뉴스,정원오,580,50.8,5,22
2026-04-29,GTX,video_post,영상·게시글,오세훈,1532,52.1,42,153
2026-04-29,GTX,video_post,영상·게시글,정원오,852,49.7,23,85
2026-04-29,교통,comment,댓글,오세훈,1602,50.5,0,129
2026-04-29,교통,comment,댓글,정원오,1015,51.6,0,82
2026-04-29,교통,community_x,커뮤니티/X,오세훈,1044,48.8,18,19
2026-04-29,교통,community_x,커뮤니티/X,정원오,604,48.7,10,11
2026-04-29,교통,news,뉴스,오세훈,1610,48.5,16,61
2026-04-29,교통,news,뉴스,정원오,1045,52.4,10,39
2026-04-29,교통,video_post,영상·게시글,오세훈,2469,57.1,68,246
2026-04-29,교통,video_post,영상·게시글,정원오,1515,52.8,42,151
2026-04-29,도시개발,comment,댓글,오세훈,929,52.2,0,75
2026-04-29,도시개발,comment,댓글,정원오,634,48.1,0,51
2026-04-29,도시개발,community_x,커뮤니티/X,오세훈,576,50.0,10,10
2026-04-29,도시개발,community_x,커뮤니티/X,정원오,370,46.7,6,7
2026-04-29,도시개발,news,뉴스,오세훈,957,50.2,9,36
2026-04-29,도시개발,news,뉴스,정원오,637,50.3,6,24
2026-04-29,도시개발,video_post,영상·게시글,오세훈,1440,53.6,40,143
2026-04-29,도시개발,video_post,영상·게시글,정원오,923,50.0,25,92
2026-04-29,재개발,comment,댓글,오세훈,809,49.2,0,65
2026-04-29,재개발,comment,댓글,정원오,1131,48.8,0,91
2026-04-29,재개발,community_x,커뮤니티/X,오세훈,530,50.8,9,10
2026-04-29,재개발,community_x,커뮤니티/X,정원오,687,48.5,12,13
2026-04-29,재개발,news,뉴스,오세훈,909,51.6,9,34
2026-04-29,재개발,news,뉴스,정원오,1135,49.4,11,43
2026-04-29,재개발,video_post,영상·게시글,오세훈,1272,52.2,35,127
2026-04-29,재개발,video_post,영상·게시글,정원오,1601,52.3,44,160
2026-04-29,주거,comment,댓글,오세훈,670,48.5,0,54
2026-04-29,주거,comment,댓글,정원오,1304,53.8,0,105
2026-04-29,주거,community_x,커뮤니티/X,오세훈,411,49.1,7,7
2026-04-29,주거,community_x,커뮤니티/X,정원오,703,48.4,12,13
2026-04-29,주거,news,뉴스,오세훈,686,51.5,6,26
2026-04-29,주거,news,뉴스,정원오,1266,51.2,12,48
2026-04-29,주거,video_post,영상·게시글,오세훈,1053,50.4,29,105
2026-04-29,주거,video_post,영상·게시글,정원오,1821,53.2,50,182
2026-04-29,지하화,comment,댓글,오세훈,732,49.8,0,59
2026-04-29,지하화,comment,댓글,정원오,454,49.2,0,36
2026-04-29,지하화,community_x,커뮤니티/X,오세훈,450,47.5,8,8
2026-04-29,지하화,community_x,커뮤니티/X,정원오,302,50.4,5,5
2026-04-29,지하화,news,뉴스,오세훈,769,49.7,7,29
2026-04-29,지하화,news,뉴스,정원오,449,48.0,4,17
2026-04-29,지하화,video_post,영상·게시글,오세훈,1050,49.8,29,105
2026-04-29,지하화,video_post,영상·게시글,정원오,639,51.2,17,63
2026-04-29,청년정책,comment,댓글,오세훈,469,48.1,0,37
2026-04-29,청년정책,comment,댓글,정원오,897,50.1,0,72
2026-04-29,청년정책,community_x,커뮤니티/X,오세훈,288,45.3,5,5
2026-04-29,청년정책,community_x,커뮤니티/X,정원오,515,47.2,9,9
2026-04-29,청년정책,news,뉴스,오세훈,478,48.5,4,18
2026-04-29,청년정책,news,뉴스,정원오,887,48.7,8,33
2026-04-29,청년정책,video_post,영상·게시글,오세훈,721,48.5,20,72
2026-04-29,청년정책,video_post,영상·게시글,정원오,1201,51.1,33,120
2026-04-29,한강,comment,댓글,오세훈,1251,52.9,0,101
2026-04-29,한강,comment,댓글,정원오,727,47.0,0,58
2026-04-29,한강,community_x,커뮤니티/X,오세훈,759,51.3,13,14
2026-04-29,한강,community_x,커뮤니티/X,정원오,438,47.7,7,8
2026-04-29,한강,news,뉴스,오세훈,1244,50.5,12,47
2026-04-29,한강,news,뉴스,정원오,728,49.4,7,27
2026-04-29,한강,video_post,영상·게시글,오세훈,2120,57.7,58,211
2026-04-29,한강,video_post,영상·게시글,정원오,993,50.5,27,99
2026-04-30,GTX,comment,댓글,오세훈,801,49.7,0,64
2026-04-30,GTX,comment,댓글,정원오,563,49.2,0,45
2026-04-30,GTX,community_x,커뮤니티/X,오세훈,519,48.5,9,9
2026-04-30,GTX,community_x,커뮤니티/X,정원오,385,48.5,6,7
2026-04-30,GTX,news,뉴스,오세훈,902,47.9,9,34
2026-04-30,GTX,news,뉴스,정원오,609,50.0,6,23
2026-04-30,GTX,video_post,영상·게시글,오세훈,1409,53.1,39,140
2026-04-30,GTX,video_post,영상·게시글,정원오,894,49.0,24,89
2026-04-30,교통,comment,댓글,오세훈,1787,54.9,0,144
2026-04-30,교통,comment,댓글,정원오,1186,48.2,0,96
2026-04-30,교통,community_x,커뮤니티/X,오세훈,1050,50.5,18,20
2026-04-30,교통,community_x,커뮤니티/X,정원오,709,48.2,12,13
2026-04-30,교통,news,뉴스,오세훈,1797,54.5,17,68
2026-04-30,교통,news,뉴스,정원오,1187,48.8,11,45
2026-04-30,교통,video_post,영상·게시글,오세훈,2507,55.7,69,250
2026-04-30,교통,video_post,영상·게시글,정원오,1794,50.8,49,179
2026-04-30,도시개발,comment,댓글,오세훈,890,48.9,0,72
2026-04-30,도시개발,comment,댓글,정원오,623,49.3,0,50
2026-04-30,도시개발,community_x,커뮤니티/X,오세훈,577,47.6,10,10
2026-04-30,도시개발,community_x,커뮤니티/X,정원오,370,45.0,6,7
2026-04-30,도시개발,news,뉴스,오세훈,969,49.3,9,36
2026-04-30,도시개발,news,뉴스,정원오,721,49.0,7,27
2026-04-30,도시개발,video_post,영상·게시글,오세훈,1387,55.1,38,138
2026-04-30,도시개발,video_post,영상·게시글,정원오,982,50.8,27,98
2026-04-30,재개발,comment,댓글,오세훈,763,46.8,0,61
2026-04-30,재개발,comment,댓글,정원오,1375,53.1,0,111
2026-04-30,재개발,community_x,커뮤니티/X,오세훈,508,48.1,9,9
2026-04-30,재개발,community_x,커뮤니티/X,정원오,661,50.9,11,12
2026-04-30,재개발,news,뉴스,오세훈,879,48.4,8,33
2026-04-30,재개발,news,뉴스,정원오,1272,48.5,12,48
2026-04-30,재개발,video_post,영상·게시글,오세훈,1120,51.9,31,111
2026-04-30,재개발,video_post,영상·게시글,정원오,1817,54.6,50,181
2026-04-30,주거,comment,댓글,오세훈,754,48.3,0,61
2026-04-30,주거,comment,댓글,정원오,1083,50.7,0,87
2026-04-30,주거,community_x,커뮤니티/X,오세훈,441,47.6,7,8
2026-04-30,주거,community_x,커뮤니티/X,정원오,604,47.1,10,11
2026-04-30,주거,news,뉴스,오세훈,761,49.4,7,28
2026-04-30,주거,news,뉴스,정원오,1078,52.9,10,41
2026-04-30,주거,video_post,영상·게시글,오세훈,1082,49.9,30,108
2026-04-30,주거,video_post,영상·게시글,정원오,1639,53.2,45,163
2026-04-30,지하화,comment,댓글,오세훈,821,50.9,0,66
2026-04-30,지하화,comment,댓글,정원오,482,46.5,0,39
2026-04-30,지하화,community_x,커뮤니티/X,오세훈,492,49.5,8,9
2026-04-30,지하화,community_x,커뮤니티/X,정원오,302,46.8,5,5
2026-04-30,지하화,news,뉴스,오세훈,831,50.7,8,31
2026-04-30,지하화,news,뉴스,정원오,543,49.4,5,20
2026-04-30,지하화,video_post,영상·게시글,오세훈,1262,50.1,35,126
2026-04-30,지하화,video_post,영상·게시글,정원오,755,50.7,20,75
2026-04-30,청년정책,comment,댓글,오세훈,552,50.3,0,44
2026-04-30,청년정책,comment,댓글,정원오,926,51.7,0,74
2026-04-30,청년정책,community_x,커뮤니티/X,오세훈,331,49.0,5,6
2026-04-30,청년정책,community_x,커뮤니티/X,정원오,531,47.7,9,10
2026-04-30,청년정책,news,뉴스,오세훈,586,48.9,5,22
2026-04-30,청년정책,news,뉴스,정원오,933,52.1,9,35
2026-04-30,청년정책,video_post,영상·게시글,오세훈,827,52.0,22,82
2026-04-30,청년정책,video_post,영상·게시글,정원오,1282,50.3,35,128
2026-04-30,한강,comment,댓글,오세훈,1122,48.6,0,90
2026-04-30,한강,comment,댓글,정원오,747,47.6,0,60
2026-04-30,한강,community_x,커뮤니티/X,오세훈,811,49.3,14,15
2026-04-30,한강,community_x,커뮤니티/X,정원오,494,46.4,8,9
2026-04-30,한강,news,뉴스,오세훈,1305,54.6,13,49
2026-04-30,한강,news,뉴스,정원오,786,49.6,7,29
2026-04-30,한강,video_post,영상·게시글,오세훈,2092,55.0,58,209
2026-04-30,한강,video_post,영상·게시글,정원오,1139,47.9,31,113
2026-05-01,GTX,comment,댓글,오세훈,968,52.1,0,78
2026-05-01,GTX,comment,댓글,정원오,661,48.8,0,53
2026-05-01,GTX,community_x,커뮤니티/X,오세훈,590,47.6,10,11
2026-05-01,GTX,community_x,커뮤니티/X,정원오,401,50.3,7,7
2026-05-01,GTX,news,뉴스,오세훈,1044,48.2,10,39
2026-05-01,GTX,news,뉴스,정원오,619,49.2,6,23
2026-05-01,GTX,video_post,영상·게시글,오세훈,1481,50.9,41,148
2026-05-01,GTX,video_post,영상·게시글,정원오,851,48.4,23,85
2026-05-01,교통,comment,댓글,오세훈,1342,49.6,0,108
2026-05-01,교통,comment,댓글,정원오,1281,53.0,0,103
2026-05-01,교통,community_x,커뮤니티/X,오세훈,896,50.3,15,17
2026-05-01,교통,community_x,커뮤니티/X,정원오,794,49.8,14,15
2026-05-01,교통,news,뉴스,오세훈,1526,50.9,15,58
2026-05-01,교통,news,뉴스,정원오,1369,52.3,13,52
2026-05-01,교통,video_post,영상·게시글,오세훈,2311,55.9,64,231
2026-05-01,교통,video_post,영상·게시글,정원오,1855,55.2,51,185
2026-05-01,도시개발,comment,댓글,오세훈,951,53.7,0,76
2026-05-01,도시개발,comment,댓글,정원오,699,53.4,0,56
2026-05-01,도시개발,community_x,커뮤니티/X,오세훈,543,49.3,9,10
2026-05-01,도시개발,community_x,커뮤니티/X,정원오,479,48.2,8,9
2026-05-01,도시개발,news,뉴스,오세훈,1004,48.0,10,38
2026-05-01,도시개발,news,뉴스,정원오,788,49.7,7,30
2026-05-01,도시개발,video_post,영상·게시글,오세훈,1329,51.5,36,132
2026-05-01,도시개발,video_post,영상·게시글,정원오,1159,48.5,32,115
2026-05-01,재개발,comment,댓글,오세훈,804,48.8,0,65
2026-05-01,재개발,comment,댓글,정원오,1389,52.4,0,112
2026-05-01,재개발,community_x,커뮤니티/X,오세훈,547,51.3,9,10
2026-05-01,재개발,community_x,커뮤니티/X,정원오,727,51.1,12,13
2026-05-01,재개발,news,뉴스,오세훈,888,49.4,8,33
2026-05-01,재개발,news,뉴스,정원오,1140,49.9,11,43
2026-05-01,재개발,video_post,영상·게시글,오세훈,1319,50.3,36,131
2026-05-01,재개발,video_post,영상·게시글,정원오,1740,54.7,48,173
2026-05-01,주거,comment,댓글,오세훈,670,49.5,0,54
2026-05-01,주거,comment,댓글,정원오,1322,50.9,0,107
2026-05-01,주거,community_x,커뮤니티/X,오세훈,460,48.8,8,8
2026-05-01,주거,community_x,커뮤니티/X,정원오,766,54.3,13,14
2026-05-01,주거,news,뉴스,오세훈,742,48.2,7,28
2026-05-01,주거,news,뉴스,정원오,1374,51.9,13,52
2026-05-01,주거,video_post,영상·게시글,오세훈,1067,49.5,29,106
2026-05-01,주거,video_post,영상·게시글,정원오,1634,51.5,45,163
2026-05-01,지하화,comment,댓글,오세훈,676,51.4,0,54
2026-05-01,지하화,comment,댓글,정원오,476,48.9,0,38
2026-05-01,지하화,community_x,커뮤니티/X,오세훈,414,48.7,7,7
2026-05-01,지하화,community_x,커뮤니티/X,정원오,321,46.6,5,6
2026-05-01,지하화,news,뉴스,오세훈,645,47.5,6,24
2026-05-01,지하화,news,뉴스,정원오,492,49.2,4,18
2026-05-01,지하화,video_post,영상·게시글,오세훈,957,47.5,26,95
2026-05-01,지하화,video_post,영상·게시글,정원오,723,47.3,20,72
2026-05-01,청년정책,comment,댓글,오세훈,506,49.6,0,40
2026-05-01,청년정책,comment,댓글,정원오,979,52.9,0,79
2026-05-01,청년정책,community_x,커뮤니티/X,오세훈,312,49.1,5,5
2026-05-01,청년정책,community_x,커뮤니티/X,정원오,425,46.8,7,8
2026-05-01,청년정책,news,뉴스,오세훈,508,50.7,5,19
2026-05-01,청년정책,news,뉴스,정원오,794,49.1,7,30
2026-05-01,청년정책,video_post,영상·게시글,오세훈,801,47.3,22,80
2026-05-01,청년정책,video_post,영상·게시글,정원오,1135,49.1,31,113
2026-05-01,한강,comment,댓글,오세훈,1253,47.9,0,101
2026-05-01,한강,comment,댓글,정원오,810,48.9,0,65
2026-05-01,한강,community_x,커뮤니티/X,오세훈,735,48.4,13,14
2026-05-01,한강,community_x,커뮤니티/X,정원오,533,47.5,9,10
2026-05-01,한강,news,뉴스,오세훈,1266,53.3,12,48
2026-05-01,한강,news,뉴스,정원오,894,50.2,8,34
2026-05-01,한강,video_post,영상·게시글,오세훈,2046,54.6,56,204
2026-05-01,한강,video_post,영상·게시글,정원오,1326,51.5,36,132
2026-05-02,GTX,comment,댓글,오세훈,900,48.1,0,72
2026-05-02,GTX,comment,댓글,정원오,535,49.7,0,43
2026-05-02,GTX,community_x,커뮤니티/X,오세훈,504,50.5,8,9
2026-05-02,GTX,community_x,커뮤니티/X,정원오,365,47.7,6,6
2026-05-02,GTX,news,뉴스,오세훈,884,51.2,8,33
2026-05-02,GTX,news,뉴스,정원오,601,50.9,6,22
2026-05-02,GTX,video_post,영상·게시글,오세훈,1514,53.0,42,151
2026-05-02,GTX,video_post,영상·게시글,정원오,903,48.4,25,90
2026-05-02,교통,comment,댓글,오세훈,1825,50.5,0,147
2026-05-02,교통,comment,댓글,정원오,1054,49.5,0,85
2026-05-02,교통,community_x,커뮤니티/X,오세훈,1168,50.8,20,22
2026-05-02,교통,community_x,커뮤니티/X,정원오,658,51.2,11,12
2026-05-02,교통,news,뉴스,오세훈,1909,55.1,19,72
2026-05-02,교통,news,뉴스,정원오,1045,46.7,10,39
2026-05-02,교통,video_post,영상·게시글,오세훈,2968,55.9,82,296
2026-05-02,교통,video_post,영상·게시글,정원오,1650,52.5,45,165
2026-05-02,도시개발,comment,댓글,오세훈,883,49.2,0,71
2026-05-02,도시개발,comment,댓글,정원오,685,48.3,0,55
2026-05-02,도시개발,community_x,커뮤니티/X,오세훈,587,51.4,10,11
2026-05-02,도시개발,community_x,커뮤니티/X,정원오,429,53.2,7,8
2026-05-02,도시개발,news,뉴스,오세훈,898,51.5,8,34
2026-05-02,도시개발,news,뉴스,정원오,699,48.8,6,26
2026-05-02,도시개발,video_post,영상·게시글,오세훈,1333,49.8,37,133
2026-05-02,도시개발,video_post,영상·게시글,정원오,1047,49.9,29,104
2026-05-02,재개발,comment,댓글,오세훈,863,49.2,0,69
2026-05-02,재개발,comment,댓글,정원오,1318,51.3,0,106
2026-05-02,재개발,community_x,커뮤니티/X,오세훈,516,50.5,9,9
2026-05-02,재개발,community_x,커뮤니티/X,정원오,728,48.2,12,13
2026-05-02,재개발,news,뉴스,오세훈,926,47.2,9,35
2026-05-02,재개발,news,뉴스,정원오,1238,47.3,12,47
2026-05-02,재개발,video_post,영상·게시글,오세훈,1358,53.5,37,135
2026-05-02,재개발,video_post,영상·게시글,정원오,1869,51.5,51,186
2026-05-02,주거,comment,댓글,오세훈,648,47.9,0,52
2026-05-02,주거,comment,댓글,정원오,1059,49.1,0,85
2026-05-02,주거,community_x,커뮤니티/X,오세훈,449,50.3,7,8
2026-05-02,주거,community_x,커뮤니티/X,정원오,683,50.1,12,13
2026-05-02,주거,news,뉴스,오세훈,742,51.0,7,28
2026-05-02,주거,news,뉴스,정원오,1092,51.4,10,41
2026-05-02,주거,video_post,영상·게시글,오세훈,1067,50.1,29,106
2026-05-02,주거,video_post,영상·게시글,정원오,1727,52.3,47,172
2026-05-02,지하화,comment,댓글,오세훈,743,48.4,0,60
2026-05-02,지하화,comment,댓글,정원오,479,46.8,0,38
2026-05-02,지하화,community_x,커뮤니티/X,오세훈,466,46.3,8,8
2026-05-02,지하화,community_x,커뮤니티/X,정원오,259,47.4,4,4
2026-05-02,지하화,news,뉴스,오세훈,792,49.5,7,30
2026-05-02,지하화,news,뉴스,정원오,446,47.3,4,16
2026-05-02,지하화,video_post,영상·게시글,오세훈,1215,52.0,33,121
2026-05-02,지하화,video_post,영상·게시글,정원오,638,47.5,17,63
2026-05-02,청년정책,comment,댓글,오세훈,523,50.3,0,42
2026-05-02,청년정책,comment,댓글,정원오,945,49.4,0,76
2026-05-02,청년정책,community_x,커뮤니티/X,오세훈,379,47.8,6,7
2026-05-02,청년정책,community_x,커뮤니티/X,정원오,571,49.6,10,10
2026-05-02,청년정책,news,뉴스,오세훈,538,49.1,5,20
2026-05-02,청년정책,news,뉴스,정원오,950,51.0,9,36
2026-05-02,청년정책,video_post,영상·게시글,오세훈,798,52.1,22,79
2026-05-02,청년정책,video_post,영상·게시글,정원오,1244,50.5,34,124
2026-05-02,한강,comment,댓글,오세훈,1278,52.9,0,103
2026-05-02,한강,comment,댓글,정원오,743,46.4,0,60
2026-05-02,한강,community_x,커뮤니티/X,오세훈,799,50.7,14,15
2026-05-02,한강,community_x,커뮤니티/X,정원오,487,50.9,8,9
2026-05-02,한강,news,뉴스,오세훈,1380,52.1,13,52
2026-05-02,한강,news,뉴스,정원오,818,48.7,8,31
2026-05-02,한강,video_post,영상·게시글,오세훈,2257,53.6,62,225
2026-05-02,한강,video_post,영상·게시글,정원오,1130,48.2,31,112
2026-05-03,GTX,comment,댓글,오세훈,1015,49.5,0,82
2026-05-03,GTX,comment,댓글,정원오,494,48.0,0,39
2026-05-03,GTX,community_x,커뮤니티/X,오세훈,626,49.9,11,11
2026-05-03,GTX,community_x,커뮤니티/X,정원오,285,51.4,5,5
2026-05-03,GTX,news,뉴스,오세훈,1113,50.9,11,42
2026-05-03,GTX,news,뉴스,정원오,488,48.1,4,18
2026-05-03,GTX,video_post,영상·게시글,오세훈,1630,51.4,45,163
2026-05-03,GTX,video_post,영상·게시글,정원오,778,48.9,21,77
2026-05-03,교통,comment,댓글,오세훈,1717,50.6,0,138
2026-05-03,교통,comment,댓글,정원오,1020,53.0,0,82
2026-05-03,교통,community_x,커뮤니티/X,오세훈,1048,50.5,18,19
2026-05-03,교통,community_x,커뮤니티/X,정원오,659,49.3,11,12
2026-05-03,교통,news,뉴스,오세훈,1857,53.2,18,70
2026-05-03,교통,news,뉴스,정원오,1197,52.8,11,45
2026-05-03,교통,video_post,영상·게시글,오세훈,3067,56.4,85,306
2026-05-03,교통,video_post,영상·게시글,정원오,1736,51.2,48,173
2026-05-03,도시개발,comment,댓글,오세훈,892,48.0,0,72
2026-05-03,도시개발,comment,댓글,정원오,632,48.9,0,51
2026-05-03,도시개발,community_x,커뮤니티/X,오세훈,552,48.2,9,10
2026-05-03,도시개발,community_x,커뮤니티/X,정원오,406,47.0,7,7
2026-05-03,도시개발,news,뉴스,오세훈,869,50.0,8,33
2026-05-03,도시개발,news,뉴스,정원오,624,50.1,6,23
2026-05-03,도시개발,video_post,영상·게시글,오세훈,1295,49.9,35,129
2026-05-03,도시개발,video_post,영상·게시글,정원오,967,50.3,26,96
2026-05-03,재개발,comment,댓글,오세훈,847,49.4,0,68
2026-05-03,재개발,comment,댓글,정원오,1192,50.5,0,96
2026-05-03,재개발,community_x,커뮤니티/X,오세훈,539,46.2,9,10
2026-05-03,재개발,community_x,커뮤니티/X,정원오,700,48.6,12,13
2026-05-03,재개발,news,뉴스,오세훈,809,49.5,8,30
2026-05-03,재개발,news,뉴스,정원오,1203,50.5,12,45
2026-05-03,재개발,video_post,영상·게시글,오세훈,1229,52.0,34,122
2026-05-03,재개발,video_post,영상·게시글,정원오,1648,55.4,45,164
2026-05-03,주거,comment,댓글,오세훈,740,49.4,0,59
2026-05-03,주거,comment,댓글,정원오,1126,50.9,0,91
2026-05-03,주거,community_x,커뮤니티/X,오세훈,444,52.7,7,8
2026-05-03,주거,community_x,커뮤니티/X,정원오,614,51.2,10,11
2026-05-03,주거,news,뉴스,오세훈,698,51.5,6,26
2026-05-03,주거,news,뉴스,정원오,1096,50.4,10,41
2026-05-03,주거,video_post,영상·게시글,오세훈,1053,51.6,29,105
2026-05-03,주거,video_post,영상·게시글,정원오,1589,49.5,44,158
2026-05-03,지하화,comment,댓글,오세훈,674,49.0,0,54
2026-05-03,지하화,comment,댓글,정원오,478,49.9,0,38
2026-05-03,지하화,community_x,커뮤니티/X,오세훈,453,49.0,8,8
2026-05-03,지하화,community_x,커뮤니티/X,정원오,309,46.0,5,5
2026-05-03,지하화,news,뉴스,오세훈,812,50.5,8,30
2026-05-03,지하화,news,뉴스,정원오,535,50.7,5,20
2026-05-03,지하화,video_post,영상·게시글,오세훈,1187,50.4,32,118
2026-05-03,지하화,video_post,영상·게시글,정원오,778,50.4,21,77
2026-05-03,청년정책,comment,댓글,오세훈,505,47.4,0,40
2026-05-03,청년정책,comment,댓글,정원오,906,50.0,0,73
2026-05-03,청년정책,community_x,커뮤니티/X,오세훈,311,43.8,5,5
2026-05-03,청년정책,community_x,커뮤니티/X,정원오,516,51.7,9,9
2026-05-03,청년정책,news,뉴스,오세훈,546,50.1,5,20
2026-05-03,청년정책,news,뉴스,정원오,905,47.8,9,34
2026-05-03,청년정책,video_post,영상·게시글,오세훈,762,50.9,21,76
2026-05-03,청년정책,video_post,영상·게시글,정원오,1179,50.8,32,117
2026-05-03,한강,comment,댓글,오세훈,1297,51.7,0,104
2026-05-03,한강,comment,댓글,정원오,786,48.2,0,63
2026-05-03,한강,community_x,커뮤니티/X,오세훈,815,46.5,14,15
2026-05-03,한강,community_x,커뮤니티/X,정원오,499,49.3,8,9
2026-05-03,한강,news,뉴스,오세훈,1344,53.4,13,51
2026-05-03,한강,news,뉴스,정원오,780,51.3,7,29
2026-05-03,한강,video_post,영상·게시글,오세훈,2053,52.6,57,205
2026-05-03,한강,video_post,영상·게시글,정원오,1122,49.8,31,112
2026-05-04,GTX,comment,댓글,오세훈,921,51.9,0,74
2026-05-04,GTX,comment,댓글,정원오,510,49.7,0,41
2026-05-04,GTX,community_x,커뮤니티/X,오세훈,629,49.0,11,11
2026-05-04,GTX,community_x,커뮤니티/X,정원오,334,48.9,5,6
2026-05-04,GTX,news,뉴스,오세훈,1041,51.3,10,39
2026-05-04,GTX,news,뉴스,정원오,537,46.2,5,20
2026-05-04,GTX,video_post,영상·게시글,오세훈,1528,54.9,42,152
2026-05-04,GTX,video_post,영상·게시글,정원오,791,48.8,21,79
2026-05-04,교통,comment,댓글,오세훈,1568,50.8,0,126
2026-05-04,교통,comment,댓글,정원오,1110,49.1,0,89
2026-05-04,교통,community_x,커뮤니티/X,오세훈,1029,50.5,18,19
2026-05-04,교통,community_x,커뮤니티/X,정원오,679,47.2,12,12
2026-05-04,교통,news,뉴스,오세훈,1676,54.6,16,63
2026-05-04,교통,news,뉴스,정원오,1205,52.5,12,45
2026-05-04,교통,video_post,영상·게시글,오세훈,2661,54.6,73,266
2026-05-04,교통,video_post,영상·게시글,정원오,1572,55.8,43,157
2026-05-04,도시개발,comment,댓글,오세훈,865,48.8,0,70
2026-05-04,도시개발,comment,댓글,정원오,644,46.8,0,52
2026-05-04,도시개발,community_x,커뮤니티/X,오세훈,605,48.6,10,11
2026-05-04,도시개발,community_x,커뮤니티/X,정원오,420,46.5,7,8
2026-05-04,도시개발,news,뉴스,오세훈,930,50.1,9,35
2026-05-04,도시개발,news,뉴스,정원오,709,48.7,7,27
2026-05-04,도시개발,video_post,영상·게시글,오세훈,1411,54.1,39,141
2026-05-04,도시개발,video_post,영상·게시글,정원오,894,48.4,24,89
2026-05-04,재개발,comment,댓글,오세훈,850,49.8,0,68
2026-05-04,재개발,comment,댓글,정원오,1104,50.7,0,89
2026-05-04,재개발,community_x,커뮤니티/X,오세훈,483,48.0,8,9
2026-05-04,재개발,community_x,커뮤니티/X,정원오,643,49.6,11,12
2026-05-04,재개발,news,뉴스,오세훈,837,48.9,8,31
2026-05-04,재개발,news,뉴스,정원오,1123,53.3,11,42
2026-05-04,재개발,video_post,영상·게시글,오세훈,1211,52.1,33,121
2026-05-04,재개발,video_post,영상·게시글,정원오,1636,52.5,45,163
2026-05-04,주거,comment,댓글,오세훈,677,47.2,0,54
2026-05-04,주거,comment,댓글,정원오,1109,48.7,0,89
2026-05-04,주거,community_x,커뮤니티/X,오세훈,417,48.6,7,7
2026-05-04,주거,community_x,커뮤니티/X,정원오,666,49.5,11,12
2026-05-04,주거,news,뉴스,오세훈,702,48.3,7,26
2026-05-04,주거,news,뉴스,정원오,1125,50.6,11,42
2026-05-04,주거,video_post,영상·게시글,오세훈,1013,48.9,28,101
2026-05-04,주거,video_post,영상·게시글,정원오,1622,52.1,45,162
2026-05-04,지하화,comment,댓글,오세훈,771,49.4,0,62
2026-05-04,지하화,comment,댓글,정원오,482,49.2,0,39
2026-05-04,지하화,community_x,커뮤니티/X,오세훈,466,51.3,8,8
2026-05-04,지하화,community_x,커뮤니티/X,정원오,298,51.1,5,5
2026-05-04,지하화,news,뉴스,오세훈,769,48.5,7,29
2026-05-04,지하화,news,뉴스,정원오,546,49.8,5,20
2026-05-04,지하화,video_post,영상·게시글,오세훈,1101,51.5,30,110
2026-05-04,지하화,video_post,영상·게시글,정원오,680,48.7,18,67
2026-05-04,청년정책,comment,댓글,오세훈,504,47.7,0,40
2026-05-04,청년정책,comment,댓글,정원오,931,50.2,0,75
2026-05-04,청년정책,community_x,커뮤니티/X,오세훈,343,49.5,6,6
2026-05-04,청년정책,community_x,커뮤니티/X,정원오,560,47.6,9,10
2026-05-04,청년정책,news,뉴스,오세훈,527,48.5,5,20
2026-05-04,청년정책,news,뉴스,정원오,948,49.3,9,36
2026-05-04,청년정책,video_post,영상·게시글,오세훈,747,50.4,20,74
2026-05-04,청년정책,video_post,영상·게시글,정원오,1351,52.1,37,135
2026-05-04,한강,comment,댓글,오세훈,1263,51.8,0,102
2026-05-04,한강,comment,댓글,정원오,752,49.8,0,60
2026-05-04,한강,community_x,커뮤니티/X,오세훈,855,48.0,15,16
2026-05-04,한강,community_x,커뮤니티/X,정원오,453,49.8,8,8
2026-05-04,한강,news,뉴스,오세훈,1336,48.0,13,50
2026-05-04,한강,news,뉴스,정원오,737,50.6,7,28
2026-05-04,한강,video_post,영상·게시글,오세훈,2053,52.8,57,205
2026-05-04,한강,video_post,영상·게시글,정원오,1147,53.5,31,114
2026-05-05,GTX,comment,댓글,오세훈,897,49.5,0,72
2026-05-05,GTX,comment,댓글,정원오,451,46.4,0,36
2026-05-05,GTX,community_x,커뮤니티/X,오세훈,589,48.9,10,11
2026-05-05,GTX,community_x,커뮤니티/X,정원오,281,46.7,4,5
2026-05-05,GTX,news,뉴스,오세훈,923,48.8,9,35
2026-05-05,GTX,news,뉴스,정원오,475,47.6,4,18
2026-05-05,GTX,video_post,영상·게시글,오세훈,1495,53.3,41,149
2026-05-05,GTX,video_post,영상·게시글,정원오,763,48.6,21,76
2026-05-05,교통,comment,댓글,오세훈,1769,53.9,0,143
2026-05-05,교통,comment,댓글,정원오,1076,50.1,0,87
2026-05-05,교통,community_x,커뮤니티/X,오세훈,1039,48.1,18,19
2026-05-05,교통,community_x,커뮤니티/X,정원오,714,45.1,12,13
2026-05-05,교통,news,뉴스,오세훈,1667,51.6,16,63
2026-05-05,교통,news,뉴스,정원오,1228,49.5,12,46
2026-05-05,교통,video_post,영상·게시글,오세훈,2830,50.7,78,282
2026-05-05,교통,video_post,영상·게시글,정원오,1774,53.4,49,177
2026-05-05,도시개발,comment,댓글,오세훈,854,50.6,0,69
2026-05-05,도시개발,comment,댓글,정원오,703,47.4,0,56
2026-05-05,도시개발,community_x,커뮤니티/X,오세훈,586,51.3,10,11
2026-05-05,도시개발,community_x,커뮤니티/X,정원오,423,50.2,7,8
2026-05-05,도시개발,news,뉴스,오세훈,868,48.4,8,33
2026-05-05,도시개발,news,뉴스,정원오,774,47.2,7,29
2026-05-05,도시개발,video_post,영상·게시글,오세훈,1276,51.5,35,127
2026-05-05,도시개발,video_post,영상·게시글,정원오,950,47.2,26,95
2026-05-05,재개발,comment,댓글,오세훈,739,48.5,0,59
2026-05-05,재개발,comment,댓글,정원오,1152,51.9,0,93
2026-05-05,재개발,community_x,커뮤니티/X,오세훈,492,46.1,8,9
2026-05-05,재개발,community_x,커뮤니티/X,정원오,638,47.7,11,12
2026-05-05,재개발,news,뉴스,오세훈,804,48.2,8,30
2026-05-05,재개발,news,뉴스,정원오,1101,50.8,11,41
2026-05-05,재개발,video_post,영상·게시글,오세훈,1195,49.1,33,119
2026-05-05,재개발,video_post,영상·게시글,정원오,1511,52.4,41,151
2026-05-05,주거,comment,댓글,오세훈,708,49.5,0,57
2026-05-05,주거,comment,댓글,정원오,1128,51.2,0,91
2026-05-05,주거,community_x,커뮤니티/X,오세훈,401,47.4,7,7
2026-05-05,주거,community_x,커뮤니티/X,정원오,680,50.4,12,12
2026-05-05,주거,news,뉴스,오세훈,648,51.1,6,24
2026-05-05,주거,news,뉴스,정원오,1070,48.9,10,40
2026-05-05,주거,video_post,영상·게시글,오세훈,905,49.4,25,90
2026-05-05,주거,video_post,영상·게시글,정원오,1766,55.3,49,176
2026-05-05,지하화,comment,댓글,오세훈,732,48.6,0,59
2026-05-05,지하화,comment,댓글,정원오,503,53.1,0,40
2026-05-05,지하화,community_x,커뮤니티/X,오세훈,474,48.7,8,9
2026-05-05,지하화,community_x,커뮤니티/X,정원오,304,47.7,5,5
2026-05-05,지하화,news,뉴스,오세훈,733,49.2,7,27
2026-05-05,지하화,news,뉴스,정원오,512,49.1,5,19
2026-05-05,지하화,video_post,영상·게시글,오세훈,1109,51.7,30,110
2026-05-05,지하화,video_post,영상·게시글,정원오,722,47.3,20,72
2026-05-05,청년정책,comment,댓글,오세훈,447,51.5,0,36
2026-05-05,청년정책,comment,댓글,정원오,930,50.5,0,75
2026-05-05,청년정책,community_x,커뮤니티/X,오세훈,259,49.6,4,4
2026-05-05,청년정책,community_x,커뮤니티/X,정원오,556,47.1,9,10
2026-05-05,청년정책,news,뉴스,오세훈,474,45.9,4,18
2026-05-05,청년정책,news,뉴스,정원오,877,51.0,8,33
2026-05-05,청년정책,video_post,영상·게시글,오세훈,689,49.9,19,68
2026-05-05,청년정책,video_post,영상·게시글,정원오,1226,51.8,34,122
2026-05-05,한강,comment,댓글,오세훈,1317,52.3,0,106
2026-05-05,한강,comment,댓글,정원오,697,50.3,0,56
2026-05-05,한강,community_x,커뮤니티/X,오세훈,762,49.3,13,14
2026-05-05,한강,community_x,커뮤니티/X,정원오,422,49.9,7,8
2026-05-05,한강,news,뉴스,오세훈,1300,52.3,13,49
2026-05-05,한강,news,뉴스,정원오,674,49.8,6,25
2026-05-05,한강,video_post,영상·게시글,오세훈,2057,54.9,57,205
2026-05-05,한강,video_post,영상·게시글,정원오,970,49.2,26,96
2026-05-06,GTX,comment,댓글,오세훈,983,45.8,0,79
2026-05-06,GTX,comment,댓글,정원오,456,49.2,0,36
2026-05-06,GTX,community_x,커뮤니티/X,오세훈,577,46.0,10,10
2026-05-06,GTX,community_x,커뮤니티/X,정원오,313,47.9,5,5
2026-05-06,GTX,news,뉴스,오세훈,911,50.2,9,34
2026-05-06,GTX,news,뉴스,정원오,477,48.7,4,18
2026-05-06,GTX,video_post,영상·게시글,오세훈,1538,52.2,42,153
2026-05-06,GTX,video_post,영상·게시글,정원오,800,49.4,22,80
2026-05-06,교통,comment,댓글,오세훈,1418,49.5,0,114
2026-05-06,교통,comment,댓글,정원오,1167,53.1,0,94
2026-05-06,교통,community_x,커뮤니티/X,오세훈,979,49.1,17,18
2026-05-06,교통,community_x,커뮤니티/X,정원오,710,50.4,12,13
2026-05-06,교통,news,뉴스,오세훈,1593,51.4,15,60
2026-05-06,교통,news,뉴스,정원오,1268,51.5,12,48
2026-05-06,교통,video_post,영상·게시글,오세훈,2505,53.5,69,250
2026-05-06,교통,video_post,영상·게시글,정원오,1792,51.1,49,179
2026-05-06,도시개발,comment,댓글,오세훈,832,50.2,0,67
2026-05-06,도시개발,comment,댓글,정원오,702,49.7,0,56
2026-05-06,도시개발,community_x,커뮤니티/X,오세훈,564,49.1,10,10
2026-05-06,도시개발,community_x,커뮤니티/X,정원오,452,47.7,8,8
2026-05-06,도시개발,news,뉴스,오세훈,895,48.4,8,34
2026-05-06,도시개발,news,뉴스,정원오,708,50.2,7,26
2026-05-06,도시개발,video_post,영상·게시글,오세훈,1245,51.2,34,124
2026-05-06,도시개발,video_post,영상·게시글,정원오,1069,48.9,29,106
2026-05-06,재개발,comment,댓글,오세훈,712,51.8,0,57
2026-05-06,재개발,comment,댓글,정원오,1193,52.7,0,96
2026-05-06,재개발,community_x,커뮤니티/X,오세훈,452,48.7,8,8
2026-05-06,재개발,community_x,커뮤니티/X,정원오,598,51.4,10,11
2026-05-06,재개발,news,뉴스,오세훈,796,48.8,7,30
2026-05-06,재개발,news,뉴스,정원오,1089,50.2,10,41
2026-05-06,재개발,video_post,영상·게시글,오세훈,1036,52.5,28,103
2026-05-06,재개발,video_post,영상·게시글,정원오,1590,53.2,44,158
2026-05-06,주거,comment,댓글,오세훈,619,48.9,0,50
2026-05-06,주거,comment,댓글,정원오,1117,51.0,0,90
2026-05-06,주거,community_x,커뮤니티/X,오세훈,400,53.1,7,7
2026-05-06,주거,community_x,커뮤니티/X,정원오,621,48.2,11,11
2026-05-06,주거,news,뉴스,오세훈,671,47.7,6,25
2026-05-06,주거,news,뉴스,정원오,996,50.5,9,37
2026-05-06,주거,video_post,영상·게시글,오세훈,986,48.6,27,98
2026-05-06,주거,video_post,영상·게시글,정원오,1430,53.6,39,143
2026-05-06,지하화,comment,댓글,오세훈,690,51.6,0,55
2026-05-06,지하화,comment,댓글,정원오,398,46.5,0,32
2026-05-06,지하화,community_x,커뮤니티/X,오세훈,407,53.4,7,7
2026-05-06,지하화,community_x,커뮤니티/X,정원오,272,49.1,4,5
2026-05-06,지하화,news,뉴스,오세훈,729,48.9,7,27
2026-05-06,지하화,news,뉴스,정원오,439,47.2,4,16
2026-05-06,지하화,video_post,영상·게시글,오세훈,1057,48.0,29,105
2026-05-06,지하화,video_post,영상·게시글,정원오,671,49.5,18,67
2026-05-06,청년정책,comment,댓글,오세훈,480,49.2,0,38
2026-05-06,청년정책,comment,댓글,정원오,851,48.5,0,68
2026-05-06,청년정책,community_x,커뮤니티/X,오세훈,284,48.6,5,5
2026-05-06,청년정책,community_x,커뮤니티/X,정원오,530,48.1,9,10
2026-05-06,청년정책,news,뉴스,오세훈,512,49.0,5,19
2026-05-06,청년정책,news,뉴스,정원오,867,50.8,8,33
2026-05-06,청년정책,video_post,영상·게시글,오세훈,679,48.9,18,67
2026-05-06,청년정책,video_post,영상·게시글,정원오,1236,51.4,34,123
2026-05-06,한강,comment,댓글,오세훈,1381,51.9,0,111
2026-05-06,한강,comment,댓글,정원오,808,52.2,0,65
2026-05-06,한강,community_x,커뮤니티/X,오세훈,829,48.8,14,15
2026-05-06,한강,community_x,커뮤니티/X,정원오,495,46.8,8,9
2026-05-06,한강,news,뉴스,오세훈,1407,51.3,14,53
2026-05-06,한강,news,뉴스,정원오,887,51.5,8,33
2026-05-06,한강,video_post,영상·게시글,오세훈,2152,56.7,59,215
2026-05-06,한강,video_post,영상·게시글,정원오,1219,46.1,33,121
2026-05-07,GTX,comment,댓글,오세훈,739,50.8,0,59
2026-05-07,GTX,comment,댓글,정원오,427,49.5,0,34
2026-05-07,GTX,community_x,커뮤니티/X,오세훈,459,50.8,8,8
2026-05-07,GTX,community_x,커뮤니티/X,정원오,287,50.0,5,5
2026-05-07,GTX,news,뉴스,오세훈,785,48.6,7,29
2026-05-07,GTX,news,뉴스,정원오,450,48.7,4,17
2026-05-07,GTX,video_post,영상·게시글,오세훈,1137,48.9,31,113
2026-05-07,GTX,video_post,영상·게시글,정원오,643,51.1,17,64
2026-05-07,교통,comment,댓글,오세훈,1458,53.1,0,118
2026-05-07,교통,comment,댓글,정원오,1012,51.0,0,81
2026-05-07,교통,community_x,커뮤니티/X,오세훈,909,51.7,16,17
2026-05-07,교통,community_x,커뮤니티/X,정원오,650,51.4,11,12
2026-05-07,교통,news,뉴스,오세훈,1526,51.9,15,58
2026-05-07,교통,news,뉴스,정원오,1047,49.6,10,39
2026-05-07,교통,video_post,영상·게시글,오세훈,2495,55.6,69,249
2026-05-07,교통,video_post,영상·게시글,정원오,1642,51.4,45,164
2026-05-07,도시개발,comment,댓글,오세훈,819,51.0,0,66
2026-05-07,도시개발,comment,댓글,정원오,640,52.1,0,51
2026-05-07,도시개발,community_x,커뮤니티/X,오세훈,513,50.4,9,9
2026-05-07,도시개발,community_x,커뮤니티/X,정원오,379,48.4,6,7
2026-05-07,도시개발,news,뉴스,오세훈,820,49.9,8,31
2026-05-07,도시개발,news,뉴스,정원오,629,49.1,6,23
2026-05-07,도시개발,video_post,영상·게시글,오세훈,1160,50.5,32,115
2026-05-07,도시개발,video_post,영상·게시글,정원오,954,49.6,26,95
2026-05-07,재개발,comment,댓글,오세훈,844,52.3,0,68
2026-05-07,재개발,comment,댓글,정원오,1081,48.0,0,87
2026-05-07,재개발,community_x,커뮤니티/X,오세훈,515,48.9,9,9
2026-05-07,재개발,community_x,커뮤니티/X,정원오,592,50.2,10,11
2026-05-07,재개발,news,뉴스,오세훈,907,49.2,9,34
2026-05-07,재개발,news,뉴스,정원오,974,48.5,9,37
2026-05-07,재개발,video_post,영상·게시글,오세훈,1226,47.4,34,122
2026-05-07,재개발,video_post,영상·게시글,정원오,1518,53.3,42,151
2026-05-07,주거,comment,댓글,오세훈,709,49.2,0,57
2026-05-07,주거,comment,댓글,정원오,964,49.9,0,78
2026-05-07,주거,community_x,커뮤니티/X,오세훈,428,49.5,7,8
2026-05-07,주거,community_x,커뮤니티/X,정원오,596,47.2,10,11
2026-05-07,주거,news,뉴스,오세훈,798,48.6,7,30
2026-05-07,주거,news,뉴스,정원오,928,49.0,9,35
2026-05-07,주거,video_post,영상·게시글,오세훈,1097,53.0,30,109
2026-05-07,주거,video_post,영상·게시글,정원오,1345,49.9,37,134
2026-05-07,지하화,comment,댓글,오세훈,631,51.9,0,51
2026-05-07,지하화,comment,댓글,정원오,372,46.4,0,30
2026-05-07,지하화,community_x,커뮤니티/X,오세훈,390,51.8,6,7
2026-05-07,지하화,community_x,커뮤니티/X,정원오,264,48.0,4,5
2026-05-07,지하화,news,뉴스,오세훈,596,46.6,5,22
2026-05-07,지하화,news,뉴스,정원오,444,48.3,4,16
2026-05-07,지하화,video_post,영상·게시글,오세훈,819,48.8,22,81
2026-05-07,지하화,video_post,영상·게시글,정원오,658,50.8,18,65
2026-05-07,청년정책,comment,댓글,오세훈,443,47.8,0,35
2026-05-07,청년정책,comment,댓글,정원오,831,49.2,0,67
2026-05-07,청년정책,community_x,커뮤니티/X,오세훈,283,49.2,5,5
2026-05-07,청년정책,community_x,커뮤니티/X,정원오,417,47.8,7,7
2026-05-07,청년정책,news,뉴스,오세훈,442,48.6,4,16
2026-05-07,청년정책,news,뉴스,정원오,770,45.9,7,29
2026-05-07,청년정책,video_post,영상·게시글,오세훈,627,48.9,17,62
2026-05-07,청년정책,video_post,영상·게시글,정원오,1158,51.1,32,115
2026-05-07,한강,comment,댓글,오세훈,1162,49.6,0,94
2026-05-07,한강,comment,댓글,정원오,688,50.4,0,55
2026-05-07,한강,community_x,커뮤니티/X,오세훈,658,48.0,11,12
2026-05-07,한강,community_x,커뮤니티/X,정원오,427,49.0,7,8
2026-05-07,한강,news,뉴스,오세훈,1081,50.2,10,41
2026-05-07,한강,news,뉴스,정원오,725,49.4,7,27
2026-05-07,한강,video_post,영상·게시글,오세훈,1706,53.4,47,170
2026-05-07,한강,video_post,영상·게시글,정원오,1057,48.8,29,105
2026-05-08,GTX,comment,댓글,오세훈,689,50.0,0,55
2026-05-08,GTX,comment,댓글,정원오,548,49.3,0,44
2026-05-08,GTX,community_x,커뮤니티/X,오세훈,475,48.4,8,9
2026-05-08,GTX,community_x,커뮤니티/X,정원오,309,50.8,5,5
2026-05-08,GTX,news,뉴스,오세훈,758,48.9,7,28
2026-05-08,GTX,news,뉴스,정원오,550,47.7,5,20
2026-05-08,GTX,video_post,영상·게시글,오세훈,1246,49.1,34,124
2026-05-08,GTX,video_post,영상·게시글,정원오,693,49.7,19,69
2026-05-08,교통,comment,댓글,오세훈,1423,51.1,0,115
2026-05-08,교통,comment,댓글,정원오,1076,48.2,0,87
2026-05-08,교통,community_x,커뮤니티/X,오세훈,851,51.7,15,16
2026-05-08,교통,community_x,커뮤니티/X,정원오,635,51.1,11,12
2026-05-08,교통,news,뉴스,오세훈,1494,50.2,14,56
2026-05-08,교통,news,뉴스,정원오,1187,48.9,11,45
2026-05-08,교통,video_post,영상·게시글,오세훈,2237,51.7,62,223
2026-05-08,교통,video_post,영상·게시글,정원오,1596,54.2,44,159
2026-05-08,도시개발,comment,댓글,오세훈,922,50.5,0,74
2026-05-08,도시개발,comment,댓글,정원오,677,47.0,0,54
2026-05-08,도시개발,community_x,커뮤니티/X,오세훈,590,48.4,10,11
2026-05-08,도시개발,community_x,커뮤니티/X,정원오,428,45.8,7,8
2026-05-08,도시개발,news,뉴스,오세훈,903,51.0,9,34
2026-05-08,도시개발,news,뉴스,정원오,733,49.5,7,27
2026-05-08,도시개발,video_post,영상·게시글,오세훈,1320,51.2,36,132
2026-05-08,도시개발,video_post,영상·게시글,정원오,1017,52.9,28,101
2026-05-08,재개발,comment,댓글,오세훈,883,48.8,0,71
2026-05-08,재개발,comment,댓글,정원오,1617,53.3,0,130
2026-05-08,재개발,community_x,커뮤니티/X,오세훈,529,48.3,9,10
2026-05-08,재개발,community_x,커뮤니티/X,정원오,931,50.7,16,17
2026-05-08,재개발,news,뉴스,오세훈,905,49.6,9,34
2026-05-08,재개발,news,뉴스,정원오,1632,53.1,16,62
2026-05-08,재개발,video_post,영상·게시글,오세훈,1314,54.0,36,131
2026-05-08,재개발,video_post,영상·게시글,정원오,2167,52.2,60,216
2026-05-08,주거,comment,댓글,오세훈,801,47.3,0,64
2026-05-08,주거,comment,댓글,정원오,1802,53.5,0,145
2026-05-08,주거,community_x,커뮤니티/X,오세훈,423,47.2,7,8
2026-05-08,주거,community_x,커뮤니티/X,정원오,1008,49.3,17,19
2026-05-08,주거,news,뉴스,오세훈,787,50.9,7,29
2026-05-08,주거,news,뉴스,정원오,1581,51.5,15,60
2026-05-08,주거,video_post,영상·게시글,오세훈,1141,46.2,31,114
2026-05-08,주거,video_post,영상·게시글,정원오,2358,54.7,65,235
2026-05-08,지하화,comment,댓글,오세훈,641,51.2,0,51
2026-05-08,지하화,comment,댓글,정원오,426,46.8,0,34
2026-05-08,지하화,community_x,커뮤니티/X,오세훈,392,45.7,6,7
2026-05-08,지하화,community_x,커뮤니티/X,정원오,281,49.7,4,5
2026-05-08,지하화,news,뉴스,오세훈,711,48.5,7,27
2026-05-08,지하화,news,뉴스,정원오,405,50.4,4,15
2026-05-08,지하화,video_post,영상·게시글,오세훈,1028,47.5,28,102
2026-05-08,지하화,video_post,영상·게시글,정원오,576,47.4,16,57
2026-05-08,청년정책,comment,댓글,오세훈,499,48.7,0,40
2026-05-08,청년정책,comment,댓글,정원오,1254,53.1,0,101
2026-05-08,청년정책,community_x,커뮤니티/X,오세훈,309,49.8,5,5
2026-05-08,청년정책,community_x,커뮤니티/X,정원오,733,51.1,13,13
2026-05-08,청년정책,news,뉴스,오세훈,482,45.9,4,18
2026-05-08,청년정책,news,뉴스,정원오,1106,53.3,11,42
2026-05-08,청년정책,video_post,영상·게시글,오세훈,750,50.6,20,75
2026-05-08,청년정책,video_post,영상·게시글,정원오,1753,51.8,48,175
2026-05-08,한강,comment,댓글,오세훈,1095,49.0,0,88
2026-05-08,한강,comment,댓글,정원오,723,48.7,0,58
2026-05-08,한강,community_x,커뮤니티/X,오세훈,744,48.3,13,14
2026-05-08,한강,community_x,커뮤니티/X,정원오,396,48.0,7,7
2026-05-08,한강,news,뉴스,오세훈,1134,49.6,11,43
2026-05-08,한강,news,뉴스,정원오,671,52.2,6,25
2026-05-08,한강,video_post,영상·게시글,오세훈,1798,50.9,49,179
2026-05-08,한강,video_post,영상·게시글,정원오,943,45.2,26,94
2026-05-09,GTX,comment,댓글,오세훈,785,49.7,0,63
2026-05-09,GTX,comment,댓글,정원오,508,45.2,0,41
2026-05-09,GTX,community_x,커뮤니티/X,오세훈,519,49.4,9,9
2026-05-09,GTX,community_x,커뮤니티/X,정원오,339,46.4,6,6
2026-05-09,GTX,news,뉴스,오세훈,856,48.6,8,32
2026-05-09,GTX,news,뉴스,정원오,604,49.0,6,23
2026-05-09,GTX,video_post,영상·게시글,오세훈,1295,54.6,35,129
2026-05-09,GTX,video_post,영상·게시글,정원오,803,50.8,22,80
2026-05-09,교통,comment,댓글,오세훈,1441,51.8,0,116
2026-05-09,교통,comment,댓글,정원오,992,51.5,0,80
2026-05-09,교통,community_x,커뮤니티/X,오세훈,887,49.6,15,16
2026-05-09,교통,community_x,커뮤니티/X,정원오,613,51.0,10,11
2026-05-09,교통,news,뉴스,오세훈,1532,50.5,15,58
2026-05-09,교통,news,뉴스,정원오,1088,52.6,10,41
2026-05-09,교통,video_post,영상·게시글,오세훈,2478,53.0,68,247
2026-05-09,교통,video_post,영상·게시글,정원오,1528,53.6,42,152
2026-05-09,도시개발,comment,댓글,오세훈,1210,52.9,0,97
2026-05-09,도시개발,comment,댓글,정원오,781,50.5,0,63
2026-05-09,도시개발,community_x,커뮤니티/X,오세훈,799,49.6,14,15
2026-05-09,도시개발,community_x,커뮤니티/X,정원오,494,49.3,8,9
2026-05-09,도시개발,news,뉴스,오세훈,1402,52.8,14,53
2026-05-09,도시개발,news,뉴스,정원오,811,50.9,8,30
2026-05-09,도시개발,video_post,영상·게시글,오세훈,1871,55.0,51,187
2026-05-09,도시개발,video_post,영상·게시글,정원오,1131,49.8,31,113
2026-05-09,재개발,comment,댓글,오세훈,768,51.1,0,62
2026-05-09,재개발,comment,댓글,정원오,1181,51.3,0,95
2026-05-09,재개발,community_x,커뮤니티/X,오세훈,479,47.9,8,9
2026-05-09,재개발,community_x,커뮤니티/X,정원오,679,49.6,12,12
2026-05-09,재개발,news,뉴스,오세훈,817,50.6,8,31
2026-05-09,재개발,news,뉴스,정원오,1063,49.1,10,40
2026-05-09,재개발,video_post,영상·게시글,오세훈,1122,47.5,31,112
2026-05-09,재개발,video_post,영상·게시글,정원오,1605,51.4,44,160
2026-05-09,주거,comment,댓글,오세훈,625,48.3,0,50
2026-05-09,주거,comment,댓글,정원오,1041,51.9,0,84
2026-05-09,주거,community_x,커뮤니티/X,오세훈,353,45.6,6,6
2026-05-09,주거,community_x,커뮤니티/X,정원오,633,47.2,11,12
2026-05-09,주거,news,뉴스,오세훈,597,49.3,5,22
2026-05-09,주거,news,뉴스,정원오,968,51.3,9,36
2026-05-09,주거,video_post,영상·게시글,오세훈,903,49.6,25,90
2026-05-09,주거,video_post,영상·게시글,정원오,1485,52.5,41,148
2026-05-09,지하화,comment,댓글,오세훈,648,48.8,0,52
2026-05-09,지하화,comment,댓글,정원오,452,48.5,0,36
2026-05-09,지하화,community_x,커뮤니티/X,오세훈,386,49.0,6,7
2026-05-09,지하화,community_x,커뮤니티/X,정원오,285,51.1,5,5
2026-05-09,지하화,news,뉴스,오세훈,717,49.1,7,27
2026-05-09,지하화,news,뉴스,정원오,457,48.5,4,17
2026-05-09,지하화,video_post,영상·게시글,오세훈,950,52.1,26,95
2026-05-09,지하화,video_post,영상·게시글,정원오,631,47.4,17,63
2026-05-09,청년정책,comment,댓글,오세훈,442,49.7,0,35
2026-05-09,청년정책,comment,댓글,정원오,780,49.9,0,63
2026-05-09,청년정책,community_x,커뮤니티/X,오세훈,299,47.8,5,5
2026-05-09,청년정책,community_x,커뮤니티/X,정원오,475,48.6,8,9
2026-05-09,청년정책,news,뉴스,오세훈,483,47.5,4,18
2026-05-09,청년정책,news,뉴스,정원오,847,48.2,8,32
2026-05-09,청년정책,video_post,영상·게시글,오세훈,691,48.6,19,69
2026-05-09,청년정책,video_post,영상·게시글,정원오,1128,51.9,31,112
2026-05-09,한강,comment,댓글,오세훈,1782,52.5,0,144
2026-05-09,한강,comment,댓글,정원오,933,47.9,0,75
2026-05-09,한강,community_x,커뮤니티/X,오세훈,1046,52.2,18,19
2026-05-09,한강,community_x,커뮤니티/X,정원오,551,50.2,9,10
2026-05-09,한강,news,뉴스,오세훈,1717,51.2,17,65
2026-05-09,한강,news,뉴스,정원오,929,48.6,9,35
2026-05-09,한강,video_post,영상·게시글,오세훈,2910,57.7,80,291
2026-05-09,한강,video_post,영상·게시글,정원오,1322,52.6,36,132
2026-05-10,GTX,comment,댓글,오세훈,1712,51.6,0,138
2026-05-10,GTX,comment,댓글,정원오,833,48.7,0,67
2026-05-10,GTX,community_x,커뮤니티/X,오세훈,976,52.3,17,18
2026-05-10,GTX,community_x,커뮤니티/X,정원오,495,47.1,8,9
2026-05-10,GTX,news,뉴스,오세훈,1646,50.2,16,62
2026-05-10,GTX,news,뉴스,정원오,820,47.8,8,31
2026-05-10,GTX,video_post,영상·게시글,오세훈,2667,56.7,74,266
2026-05-10,GTX,video_post,영상·게시글,정원오,1220,52.1,33,121
2026-05-10,교통,comment,댓글,오세훈,3005,56.2,0,243
2026-05-10,교통,comment,댓글,정원오,1542,52.8,0,124
2026-05-10,교통,community_x,커뮤니티/X,오세훈,1680,51.9,29,32
2026-05-10,교통,community_x,커뮤니티/X,정원오,987,48.7,17,18
2026-05-10,교통,news,뉴스,오세훈,3059,56.3,30,116
2026-05-10,교통,news,뉴스,정원오,1638,54.2,16,62
2026-05-10,교통,video_post,영상·게시글,오세훈,4378,61.1,121,437
2026-05-10,교통,video_post,영상·게시글,정원오,2416,56.0,67,241
2026-05-10,도시개발,comment,댓글,오세훈,896,51.7,0,72
2026-05-10,도시개발,comment,댓글,정원오,625,50.4,0,50
2026-05-10,도시개발,community_x,커뮤니티/X,오세훈,615,47.0,10,11
2026-05-10,도시개발,community_x,커뮤니티/X,정원오,406,47.9,7,7
2026-05-10,도시개발,news,뉴스,오세훈,933,48.7,9,35
2026-05-10,도시개발,news,뉴스,정원오,730,50.5,7,27
2026-05-10,도시개발,video_post,영상·게시글,오세훈,1366,50.4,37,136
2026-05-10,도시개발,video_post,영상·게시글,정원오,1051,50.0,29,105
2026-05-10,재개발,comment,댓글,오세훈,788,48.6,0,63
2026-05-10,재개발,comment,댓글,정원오,1032,51.3,0,83
2026-05-10,재개발,community_x,커뮤니티/X,오세훈,543,44.9,9,10
2026-05-10,재개발,community_x,커뮤니티/X,정원오,574,49.9,10,10
2026-05-10,재개발,news,뉴스,오세훈,844,46.8,8,32
2026-05-10,재개발,news,뉴스,정원오,928,47.7,9,35
2026-05-10,재개발,video_post,영상·게시글,오세훈,1185,49.1,32,118
2026-05-10,재개발,video_post,영상·게시글,정원오,1392,53.2,38,139
2026-05-10,주거,comment,댓글,오세훈,658,49.0,0,53
2026-05-10,주거,comment,댓글,정원오,1069,50.9,0,86
2026-05-10,주거,community_x,커뮤니티/X,오세훈,439,49.0,7,8
2026-05-10,주거,community_x,커뮤니티/X,정원오,555,49.2,9,10
2026-05-10,주거,news,뉴스,오세훈,756,50.3,7,28
2026-05-10,주거,news,뉴스,정원오,975,48.7,9,37
2026-05-10,주거,video_post,영상·게시글,오세훈,1059,51.8,29,105
2026-05-10,주거,video_post,영상·게시글,정원오,1393,51.7,38,139
2026-05-10,지하화,comment,댓글,오세훈,1197,48.5,0,96
2026-05-10,지하화,comment,댓글,정원오,624,46.7,0,50
2026-05-10,지하화,community_x,커뮤니티/X,오세훈,799,49.7,14,15
2026-05-10,지하화,community_x,커뮤니티/X,정원오,389,52.1,6,7
2026-05-10,지하화,news,뉴스,오세훈,1243,51.1,12,47
2026-05-10,지하화,news,뉴스,정원오,667,50.0,6,25
2026-05-10,지하화,video_post,영상·게시글,오세훈,1938,53.3,53,193
2026-05-10,지하화,video_post,영상·게시글,정원오,1000,50.6,27,100
2026-05-10,청년정책,comment,댓글,오세훈,445,48.0,0,36
2026-05-10,청년정책,comment,댓글,정원오,873,49.5,0,70
2026-05-10,청년정책,community_x,커뮤니티/X,오세훈,272,47.1,4,5
2026-05-10,청년정책,community_x,커뮤니티/X,정원오,568,51.7,10,10
2026-05-10,청년정책,news,뉴스,오세훈,427,47.8,4,16
2026-05-10,청년정책,news,뉴스,정원오,847,49.6,8,32
2026-05-10,청년정책,video_post,영상·게시글,오세훈,600,49.2,16,60
2026-05-10,청년정책,video_post,영상·게시글,정원오,1305,52.5,36,130
2026-05-10,한강,comment,댓글,오세훈,1143,49.0,0,92
2026-05-10,한강,comment,댓글,정원오,645,50.8,0,52
2026-05-10,한강,community_x,커뮤니티/X,오세훈,708,48.7,12,13
2026-05-10,한강,community_x,커뮤니티/X,정원오,413,48.1,7,7
2026-05-10,한강,news,뉴스,오세훈,1236,46.7,12,47
2026-05-10,한강,news,뉴스,정원오,648,50.9,6,24
2026-05-10,한강,video_post,영상·게시글,오세훈,1956,54.7,54,195
2026-05-10,한강,video_post,영상·게시글,정원오,980,50.8,27,97
2026-05-11,GTX,comment,댓글,오세훈,960,52.5,0,77
2026-05-11,GTX,comment,댓글,정원오,444,46.2,0,35
2026-05-11,GTX,community_x,커뮤니티/X,오세훈,574,49.7,10,10
2026-05-11,GTX,community_x,커뮤니티/X,정원오,286,48.7,5,5
2026-05-11,GTX,news,뉴스,오세훈,906,49.4,9,34
2026-05-11,GTX,news,뉴스,정원오,520,51.2,5,19
2026-05-11,GTX,video_post,영상·게시글,오세훈,1506,51.2,41,150
2026-05-11,GTX,video_post,영상·게시글,정원오,733,48.1,20,73
2026-05-11,교통,comment,댓글,오세훈,1625,51.8,0,131
2026-05-11,교통,comment,댓글,정원오,991,51.6,0,80
2026-05-11,교통,community_x,커뮤니티/X,오세훈,987,53.0,17,18
2026-05-11,교통,community_x,커뮤니티/X,정원오,604,48.0,10,11
2026-05-11,교통,news,뉴스,오세훈,1760,51.0,17,67
2026-05-11,교통,news,뉴스,정원오,1053,48.8,10,40
2026-05-11,교통,video_post,영상·게시글,오세훈,2599,53.1,72,259
2026-05-11,교통,video_post,영상·게시글,정원오,1421,50.5,39,142
2026-05-11,도시개발,comment,댓글,오세훈,986,48.9,0,79
2026-05-11,도시개발,comment,댓글,정원오,700,48.1,0,56
2026-05-11,도시개발,community_x,커뮤니티/X,오세훈,604,48.3,10,11
2026-05-11,도시개발,community_x,커뮤니티/X,정원오,401,47.2,7,7
2026-05-11,도시개발,news,뉴스,오세훈,1117,50.4,11,42
2026-05-11,도시개발,news,뉴스,정원오,697,49.1,6,26
2026-05-11,도시개발,video_post,영상·게시글,오세훈,1486,54.0,41,148
2026-05-11,도시개발,video_post,영상·게시글,정원오,1020,52.2,28,101
2026-05-11,재개발,comment,댓글,오세훈,839,47.5,0,67
2026-05-11,재개발,comment,댓글,정원오,1176,50.7,0,95
2026-05-11,재개발,community_x,커뮤니티/X,오세훈,493,48.1,8,9
2026-05-11,재개발,community_x,커뮤니티/X,정원오,629,52.1,11,11
2026-05-11,재개발,news,뉴스,오세훈,769,53.2,7,29
2026-05-11,재개발,news,뉴스,정원오,1088,50.8,10,41
2026-05-11,재개발,video_post,영상·게시글,오세훈,1203,49.0,33,120
2026-05-11,재개발,video_post,영상·게시글,정원오,1503,53.7,41,150
2026-05-11,주거,comment,댓글,오세훈,776,49.6,0,62
2026-05-11,주거,comment,댓글,정원오,997,52.8,0,80
2026-05-11,주거,community_x,커뮤니티/X,오세훈,470,48.9,8,8
2026-05-11,주거,community_x,커뮤니티/X,정원오,608,47.4,10,11
2026-05-11,주거,news,뉴스,오세훈,790,52.3,7,30
2026-05-11,주거,news,뉴스,정원오,1048,51.1,10,39
2026-05-11,주거,video_post,영상·게시글,오세훈,1098,52.2,30,109
2026-05-11,주거,video_post,영상·게시글,정원오,1419,48.8,39,141
2026-05-11,지하화,comment,댓글,오세훈,617,46.1,0,49
2026-05-11,지하화,comment,댓글,정원오,471,50.6,0,38
2026-05-11,지하화,community_x,커뮤니티/X,오세훈,374,49.3,6,7
2026-05-11,지하화,community_x,커뮤니티/X,정원오,306,47.8,5,5
2026-05-11,지하화,news,뉴스,오세훈,678,48.4,6,25
2026-05-11,지하화,news,뉴스,정원오,459,50.4,4,17
2026-05-11,지하화,video_post,영상·게시글,오세훈,999,48.2,27,99
2026-05-11,지하화,video_post,영상·게시글,정원오,723,51.2,20,72
2026-05-11,청년정책,comment,댓글,오세훈,470,50.2,0,38
2026-05-11,청년정책,comment,댓글,정원오,814,53.0,0,65
2026-05-11,청년정책,community_x,커뮤니티/X,오세훈,297,49.9,5,5
2026-05-11,청년정책,community_x,커뮤니티/X,정원오,437,47.7,7,8
2026-05-11,청년정책,news,뉴스,오세훈,510,48.6,5,19
2026-05-11,청년정책,news,뉴스,정원오,744,51.2,7,28
2026-05-11,청년정책,video_post,영상·게시글,오세훈,712,50.7,19,71
2026-05-11,청년정책,video_post,영상·게시글,정원오,1136,46.9,31,113
2026-05-11,한강,comment,댓글,오세훈,1217,49.9,0,98
2026-05-11,한강,comment,댓글,정원오,672,47.5,0,54
2026-05-11,한강,community_x,커뮤니티/X,오세훈,729,47.6,12,13
2026-05-11,한강,community_x,커뮤니티/X,정원오,454,49.3,8,8
2026-05-11,한강,news,뉴스,오세훈,1260,51.3,12,48
2026-05-11,한강,news,뉴스,정원오,696,47.9,6,26
2026-05-11,한강,video_post,영상·게시글,오세훈,1900,54.2,52,190
2026-05-11,한강,video_post,영상·게시글,정원오,1073,49.5,29,107
